0000,894673807798673,821014666737235,three-quarter perspective view of a greenhouse path; post-rain calm; miniature-like stylization; balanced composition with clear foreground middle ground and background; rounded cartoon outlines; editorial digital illustration; clean contours and simplified shading; overcast-like even lighting and subtle shadow
0001,625183301861600,227197508891198,three-quarter perspective view of a island lighthouse; clear morning air; storybook stylization; dense composition with layered environmental detail; bold outer contours with simple inner lines; storybook digital illustration; readable shapes with crisp edges; even lighting with soft shading and almost no cast shadow
0002,910873927065411,505331533285599,side profile pose of a red fox in a quiet room; stylized anatomy; balanced composition with a few habitat elements; precise technical contour lines; anime-inspired digital illustration; clean contours and simplified shading; flat lighting with very gentle shading
0003,580711313115788,699846038325231,constellation diagram; radial composition; diagrammatic construction; sparse arrangement with generous negative space; variable-width pen lines; anime-inspired digital illustration; well-separated forms and clean outlines; even lighting with soft shading and almost no cast shadow
0004,803074530456780,448438674510350,eye-level travel sketch view of a forest clearing; light mist; simplified graphic forms; dense composition with layered environmental detail; ultra-thin delicate lines; editorial digital illustration; clean contours and simplified shading; soft diffuse lighting with minimal shadow and subtle shading
0005,420079741157561,453754272928745,eye-level close view of a desk fan on a window sill; overlapping cluster; simplified graphic forms; dense composition with many small details; rounded cartoon outlines; clean digital illustration; well-separated forms and clean outlines; low-contrast lighting with soft shading and minimal shadow
0006,467041641167084,858028865229245,high-angle overlook of a old shrine approach; gentle spring haze; simplified graphic forms; balanced composition with clear foreground middle ground and background; variable-width pen lines; anime-inspired digital illustration; clear contour lines and readable silhouettes; soft diffuse lighting with minimal shadow and subtle shading
0007,230969855884341,989988881272469,eye-level travel sketch view of a mountain trail; light mist; miniature-like stylization; dense composition with layered environmental detail; bold outer contours with simple inner lines; anime-inspired digital illustration; clear contour lines and readable silhouettes; soft diffuse lighting with minimal shadow and subtle shading
0008,307316786268528,707234996040936,eye-level travel sketch view of a botanical garden walkway; clear morning air; semi-realistic forms; dense composition with layered environmental detail; bold outer contours with simple inner lines; storybook digital illustration; clean contours and simplified shading; low-contrast lighting with soft shading and minimal shadow
0009,863227455562581,692955254718490,dynamic motion pose of a field scientist in a riverside promenade; resting for a moment; strongly deformed cute proportions; minimal composition with wide negative space; rounded cartoon outlines; storybook digital illustration; readable shapes with crisp edges; low-contrast lighting with soft shading and minimal shadow
0010,322085306965911,592735153860867,low-angle heroic pose of a blacksmith in a classroom; captured in a candid pause; semi-realistic proportions; balanced composition with a few supporting elements; precise technical contour lines; vector-like digital illustration; readable shapes with crisp edges; flat lighting with very gentle shading
0011,491212260069943,267425317603492,wide panoramic view of a snowy village; soft overcast weather; storybook stylization; dense composition with layered environmental detail; brush-like digital linework with clean edges; storybook digital illustration; readable shapes with crisp edges; low-contrast lighting with soft shading and minimal shadow
0012,963772531256579,367515152755562,modular stair steps; diagonal sweeping composition; precise vector-like structure; sparse arrangement with generous negative space; medium-weight clean outlines; clean digital illustration; clear contour lines and readable silhouettes; soft diffuse lighting with minimal shadow and subtle shading
0013,479275730895307,906518602743418,side profile portrait of a stage magician in a plain studio backdrop; preparing for work; semi-realistic proportions; minimal composition with wide negative space; bold outer contours with simple inner lines; vector-like digital illustration; clear contour lines and readable silhouettes; even lighting with soft shading and almost no cast shadow
0014,442057637485915,503711722538875,wide panoramic view of a market street; post-rain calm; semi-realistic forms; balanced composition with clear foreground middle ground and background; variable-width pen lines; clean digital illustration; clear contour lines and readable silhouettes; low-contrast lighting with soft shading and minimal shadow
0015,635454161546436,218033611845733,sleeping pose of a zebra in tall grass; strongly deformed cute anatomy; dense composition with layered habitat detail; ultra-thin delicate lines; storybook digital illustration; clear contour lines and readable silhouettes; soft ambient lighting with restrained shading and minimal contrast
0016,347409828718458,734042098511285,dynamic motion pose of a train conductor in a classroom; captured in a candid pause; stylized proportions; dense composition with layered details; ultra-thin delicate lines; clean digital illustration; readable shapes with crisp edges; soft ambient lighting with restrained shading and minimal contrast
0017,219405885130648,521757183171788,three-quarter front view of a excavator in an open field; simplified graphic mechanical forms; minimal composition with a single clear subject; precise technical contour lines; anime-inspired digital illustration; readable shapes with crisp edges; low-contrast lighting with soft shading and minimal shadow
0018,157384463956709,264223540882422,straight-on shelf view of plush toys on a kitchen counter; overlapping cluster; diagram-like simplification; balanced composition with a few supporting items; rounded cartoon outlines; storybook digital illustration; well-separated forms and clean outlines; soft diffuse lighting with minimal shadow and subtle shading
0019,178468433575519,704355273598225,top-down view of fountain pens on a wooden desk; diagonal arrangement across the frame; playful stylization; balanced composition with a few supporting items; precise technical contour lines; anime-inspired digital illustration; well-separated forms and clean outlines; soft diffuse lighting with minimal shadow and subtle shading
0020,331140981363643,521778725788472,sleeping pose of a frog against a plain backdrop; semi-realistic anatomy; minimal composition with a clear silhouette; precise technical contour lines; clean digital illustration; clean contours and simplified shading; low-contrast lighting with soft shading and minimal shadow
0021,609384136474618,230546724329111,wide panoramic view of a observatory hill; thin cloud cover; simplified graphic forms; balanced composition with clear foreground middle ground and background; precise technical contour lines; anime-inspired digital illustration; well-separated forms and clean outlines; flat lighting with very gentle shading
0022,444308638630755,621834620184397,sitting pose of a rabbit on a snowy field; stylized anatomy; balanced composition with a few habitat elements; variable-width pen lines; storybook digital illustration; clean contours and simplified shading; even lighting with soft shading and almost no cast shadow
0023,589056483702203,145331825649962,top-down view of a streetcar on a quiet street; playful cartoon engineering; minimal composition with a single clear subject; medium-weight clean outlines; storybook digital illustration; readable shapes with crisp edges; soft diffuse lighting with minimal shadow and subtle shading
0024,926637370535855,828892458367639,top-down view of a submarine against a clean backdrop; semi-realistic mechanical proportions; minimal composition with a single clear subject; variable-width pen lines; clean digital illustration; well-separated forms and clean outlines; overcast-like even lighting and subtle shadow
0025,878362226451530,596207838364443,running pose of a tiger in a meadow; stylized anatomy; minimal composition with a clear silhouette; rounded cartoon outlines; anime-inspired digital illustration; readable shapes with crisp edges; low-contrast lighting with soft shading and minimal shadow
0026,811271507595358,843755853256511,radial petals; asymmetrical offset layout; soft hand-drawn geometry; dense arrangement with many repeated forms; ultra-thin delicate lines; editorial digital illustration; readable shapes with crisp edges; overcast-like even lighting and subtle shadow
0027,224320501006412,907222603700485,wide panoramic view of a winding highway; post-rain calm; storybook stylization; balanced composition with clear foreground middle ground and background; brush-like digital linework with clean edges; storybook digital illustration; readable shapes with crisp edges; soft diffuse lighting with minimal shadow and subtle shading
0028,331544660536431,497530493756218,rotating diamonds; repeating all-over pattern; diagrammatic construction; balanced arrangement with moderate repetition; brush-like digital linework with clean edges; editorial digital illustration; well-separated forms and clean outlines; overcast-like even lighting and subtle shadow
0029,899022479932946,477232363850614,side profile pose of a crane beside a pond; strongly deformed cute anatomy; balanced composition with a few habitat elements; bold outer contours with simple inner lines; anime-inspired digital illustration; clear contour lines and readable silhouettes; flat lighting with very gentle shading
0030,378440553699293,266572386507060,low-angle heroic pose of a dancer in a cafe interior; resting for a moment; stylized proportions; minimal composition with wide negative space; thin crisp linework; stylized digital illustration; clean contours and simplified shading; soft ambient lighting with restrained shading and minimal contrast
0031,270750117096177,283443108963565,looking back pose of a red fox on a snowy field; semi-realistic anatomy; dense composition with layered habitat detail; rounded cartoon outlines; stylized digital illustration; clean contours and simplified shading; flat lighting with very gentle shading
0032,663192291401216,451722815499962,candid walking pose of a blacksmith in a rooftop; mid-action with a small gesture; semi-realistic proportions; balanced composition with a few supporting elements; precise technical contour lines; clean digital illustration; readable shapes with crisp edges; low-contrast lighting with soft shading and minimal shadow
0033,740437808772993,460937502823295,front-facing pose of a lion against a plain backdrop; semi-realistic anatomy; minimal composition with a clear silhouette; bold outer contours with simple inner lines; vector-like digital illustration; clean contours and simplified shading; flat lighting with very gentle shading
0034,255392102271237,819708449334905,eye-level close view of perfume bottles on a wooden desk; overlapping cluster; simplified graphic forms; balanced composition with a few supporting items; brush-like digital linework with clean edges; storybook digital illustration; clear contour lines and readable silhouettes; even lighting with soft shading and almost no cast shadow
0035,170582298729075,443899508884681,high-angle overlook of a market street; clear morning air; storybook stylization; dense composition with layered environmental detail; bold outer contours with simple inner lines; storybook digital illustration; clear contour lines and readable silhouettes; even lighting with soft shading and almost no cast shadow
0036,961542184303546,367204668910743,front view of a streetcar on a quiet street; simplified graphic mechanical forms; balanced composition with a few contextual elements; precise technical contour lines; anime-inspired digital illustration; clean contours and simplified shading; overcast-like even lighting and subtle shadow
0037,841938572421127,275218470949580,standing pose of a lion near a wooden fence; semi-realistic anatomy; dense composition with layered habitat detail; bold outer contours with simple inner lines; anime-inspired digital illustration; clean contours and simplified shading; overcast-like even lighting and subtle shadow
0038,425805782356730,890783463066646,sleeping pose of a butterfly in tall grass; stylized anatomy; balanced composition with a few habitat elements; medium-weight clean outlines; clean digital illustration; clear contour lines and readable silhouettes; soft ambient lighting with restrained shading and minimal contrast
0039,807217486238713,182973091535687,eye-level close view of a teacup and saucer on a white tabletop; exploded-view arrangement; diagram-like simplification; minimal composition with ample breathing room; bold outer contours with simple inner lines; anime-inspired digital illustration; clear contour lines and readable silhouettes; even lighting with soft shading and almost no cast shadow
0040,772072611582328,868629466265156,playful motion pose of a goat near a wooden fence; semi-realistic anatomy; minimal composition with a clear silhouette; ultra-thin delicate lines; stylized digital illustration; clear contour lines and readable silhouettes; soft diffuse lighting with minimal shadow and subtle shading
0041,414667101275288,925440083075206,radial petals; radial composition; diagrammatic construction; dense arrangement with many repeated forms; thin crisp linework; anime-inspired digital illustration; clean contours and simplified shading; overcast-like even lighting and subtle shadow
0042,569073498299901,943126244678634,radial petals; asymmetrical offset layout; playful modular abstraction; balanced arrangement with moderate repetition; variable-width pen lines; clean digital illustration; well-separated forms and clean outlines; low-contrast lighting with soft shading and minimal shadow
0043,692123534375716,288170692059293,standing pose of a butterfly in a forest path; semi-realistic anatomy; balanced composition with a few habitat elements; ultra-thin delicate lines; storybook digital illustration; clean contours and simplified shading; soft diffuse lighting with minimal shadow and subtle shading
0044,965787957110178,907939824720123,eye-level close view of perfume bottles on a concrete floor; single centered arrangement; simplified graphic forms; minimal composition with ample breathing room; bold outer contours with simple inner lines; storybook digital illustration; clear contour lines and readable silhouettes; even lighting with soft shading and almost no cast shadow
0045,350306099717714,644712980851068,top-down view of a bulldozer against a clean backdrop; semi-realistic mechanical proportions; minimal composition with a single clear subject; variable-width pen lines; clean digital illustration; readable shapes with crisp edges; even lighting with soft shading and almost no cast shadow
0046,716684484938009,741648217211361,eye-level close view of backpack contents on a workshop bench; single centered arrangement; simplified graphic forms; minimal composition with ample breathing room; variable-width pen lines; clean digital illustration; readable shapes with crisp edges; even lighting with soft shading and almost no cast shadow
0047,640767913670163,295528340198646,top-down view of paint tubes on a window sill; overlapping cluster; observational proportions; minimal composition with ample breathing room; ultra-thin delicate lines; clean digital illustration; clear contour lines and readable silhouettes; soft diffuse lighting with minimal shadow and subtle shading
0048,226897238528288,762520661362083,eye-level close view of a chess set on a bookstore counter; diagonal arrangement across the frame; diagram-like simplification; balanced composition with a few supporting items; variable-width pen lines; editorial digital illustration; clean contours and simplified shading; overcast-like even lighting and subtle shadow
0049,209996215301517,138008248842335,low-angle foreground emphasis view of a waterfall basin; light mist; storybook stylization; minimal composition with broad open space; ultra-thin delicate lines; clean digital illustration; well-separated forms and clean outlines; soft ambient lighting with restrained shading and minimal contrast
0050,765651716054320,827352717659766,folded planes; repeating all-over pattern; playful modular abstraction; sparse arrangement with generous negative space; thin crisp linework; storybook digital illustration; readable shapes with crisp edges; flat lighting with very gentle shading
0051,973755062337683,356075652221252,eye-level close view of pastries on a tray on a tatami mat; shelf display arrangement; simplified graphic forms; balanced composition with a few supporting items; variable-width pen lines; clean digital illustration; clean contours and simplified shading; even lighting with soft shading and almost no cast shadow
0052,882798532434682,989643993211119,isometric blocks; vertical poster composition; diagrammatic construction; dense arrangement with many repeated forms; precise technical contour lines; anime-inspired digital illustration; well-separated forms and clean outlines; low-contrast lighting with soft shading and minimal shadow
0053,148122479815147,555373008836779,waist-up portrait of a puppeteer in an alleyway; looking away thoughtfully; semi-realistic proportions; minimal composition with wide negative space; variable-width pen lines; clean digital illustration; readable shapes with crisp edges; overcast-like even lighting and subtle shadow
0054,229661260761198,320683414265348,side elevation view of a desktop computer tower inside a workshop; retro-futuristic stylization; dense composition with many visible parts and props; variable-width pen lines; anime-inspired digital illustration; readable shapes with crisp edges; low-contrast lighting with soft shading and minimal shadow
0055,156907274592072,510013534209924,running pose of a giraffe in tall grass; stylized anatomy; balanced composition with a few habitat elements; rounded cartoon outlines; clean digital illustration; clean contours and simplified shading; low-contrast lighting with soft shading and minimal shadow
0056,135114926681385,631634369338158,running pose of a barn owl in a meadow; semi-realistic anatomy; balanced composition with a few habitat elements; precise technical contour lines; clean digital illustration; readable shapes with crisp edges; flat lighting with very gentle shading
0057,960421079279990,340929874553794,sunburst segments; radial composition; diagrammatic construction; dense arrangement with many repeated forms; precise technical contour lines; anime-inspired digital illustration; well-separated forms and clean outlines; soft diffuse lighting with minimal shadow and subtle shading
0058,366633865421309,203140969019313,side elevation view of a delivery van at a harbor; retro-futuristic stylization; balanced composition with a few contextual elements; thin crisp linework; anime-inspired digital illustration; well-separated forms and clean outlines; soft ambient lighting with restrained shading and minimal contrast
0059,521693885413478,489950318410320,candid walking pose of a detective in a cafe interior; slightly turning the body; semi-realistic proportions; balanced composition with a few supporting elements; variable-width pen lines; clean digital illustration; clean contours and simplified shading; even lighting with soft shading and almost no cast shadow
0060,878715844649422,973835873197182,paper-cut layers; vertical poster composition; precise vector-like structure; dense arrangement with many repeated forms; medium-weight clean outlines; storybook digital illustration; readable shapes with crisp edges; flat lighting with very gentle shading
0061,796097052467155,478933327045275,straight-on shelf view of pastries on a tray on a studio shelf; carefully arranged spread; simplified graphic forms; dense composition with many small details; variable-width pen lines; anime-inspired digital illustration; clear contour lines and readable silhouettes; even lighting with soft shading and almost no cast shadow
0062,340760956645440,349808124961474,eye-level close view of a fruit bowl on a picnic cloth; shelf display arrangement; simplified graphic forms; dense composition with many small details; thin crisp linework; storybook digital illustration; clear contour lines and readable silhouettes; soft diffuse lighting with minimal shadow and subtle shading
0063,769445791790013,575052525935744,three-quarter front view of a space rover at a harbor; simplified graphic mechanical forms; dense composition with many visible parts and props; brush-like digital linework with clean edges; editorial digital illustration; well-separated forms and clean outlines; soft ambient lighting with restrained shading and minimal contrast
0064,267135858506426,526776666601294,straight-on shelf view of potted herbs on a workshop bench; overlapping cluster; diagram-like simplification; balanced composition with a few supporting items; rounded cartoon outlines; storybook digital illustration; readable shapes with crisp edges; flat lighting with very gentle shading
0065,146465637473318,934528320186236,running pose of a red fox in a meadow; stylized anatomy; minimal composition with a clear silhouette; bold outer contours with simple inner lines; anime-inspired digital illustration; clean contours and simplified shading; even lighting with soft shading and almost no cast shadow
0066,759234098569179,813094082358815,straight-on shelf view of seashells on a wooden desk; carefully arranged spread; simplified graphic forms; balanced composition with a few supporting items; thin crisp linework; anime-inspired digital illustration; well-separated forms and clean outlines; even lighting with soft shading and almost no cast shadow
0067,335803566452450,225720734509863,close-up detail view of a steam locomotive in an open field; playful cartoon engineering; balanced composition with a few contextual elements; medium-weight clean outlines; storybook digital illustration; readable shapes with crisp edges; flat lighting with very gentle shading
0068,218896504830697,801147467505226,full-body standing pose at eye level of a office worker in a riverside promenade; resting for a moment; semi-realistic proportions; dense composition with layered details; variable-width pen lines; anime-inspired digital illustration; clean contours and simplified shading; even lighting with soft shading and almost no cast shadow
0069,364477213764567,184184447042075,front view of a seaplane on a quiet street; simplified graphic mechanical forms; dense composition with many visible parts and props; thin crisp linework; anime-inspired digital illustration; readable shapes with crisp edges; overcast-like even lighting and subtle shadow
0070,497041233304011,412856424745137,top-down view of a camping trailer on a quiet street; simplified graphic mechanical forms; dense composition with many visible parts and props; thin crisp linework; anime-inspired digital illustration; clean contours and simplified shading; low-contrast lighting with soft shading and minimal shadow
0071,829002191011192,688682629917930,top-down view of a camera drone at a depot; retro-futuristic stylization; dense composition with many visible parts and props; rounded cartoon outlines; editorial digital illustration; well-separated forms and clean outlines; flat lighting with very gentle shading
0072,459334419577000,357588626718660,high-angle overlook of a tram street; light mist; miniature-like stylization; minimal composition with broad open space; medium-weight clean outlines; editorial digital illustration; clean contours and simplified shading; overcast-like even lighting and subtle shadow
0073,110811395243223,812221019043279,top-down view of lab glassware on a tatami mat; exploded-view arrangement; playful stylization; dense composition with many small details; rounded cartoon outlines; editorial digital illustration; well-separated forms and clean outlines; overcast-like even lighting and subtle shadow
0074,897930818331792,236629090581849,three-quarter perspective view of a volcanic ridge; light mist; miniature-like stylization; dense composition with layered environmental detail; ultra-thin delicate lines; editorial digital illustration; clean contours and simplified shading; soft ambient lighting with restrained shading and minimal contrast
0075,629719166159413,602039157594272,three-quarter tabletop view of pastries on a tray on a workshop bench; exploded-view arrangement; observational proportions; balanced composition with a few supporting items; bold outer contours with simple inner lines; editorial digital illustration; clear contour lines and readable silhouettes; flat lighting with very gentle shading
0076,751296017980493,456638671724712,eye-level close view of hand tools on a bookstore counter; carefully arranged spread; diagram-like simplification; balanced composition with a few supporting items; variable-width pen lines; editorial digital illustration; clean contours and simplified shading; even lighting with soft shading and almost no cast shadow
0077,134873829813911,509006789352017,three-quarter tabletop view of sunglasses on a wooden desk; single centered arrangement; playful stylization; minimal composition with ample breathing room; ultra-thin delicate lines; clean digital illustration; readable shapes with crisp edges; flat lighting with very gentle shading
0078,596918481475945,577921538396252,isometric blocks; repeating all-over pattern; playful modular abstraction; dense arrangement with many repeated forms; brush-like digital linework with clean edges; storybook digital illustration; well-separated forms and clean outlines; even lighting with soft shading and almost no cast shadow
0079,947613422271127,336645856783712,offset squares; asymmetrical offset layout; diagrammatic construction; balanced arrangement with moderate repetition; precise technical contour lines; anime-inspired digital illustration; clear contour lines and readable silhouettes; flat lighting with very gentle shading
0080,481928722279598,204285770670890,eye-level close view of a stationery set on a concrete floor; diagonal arrangement across the frame; diagram-like simplification; balanced composition with a few supporting items; variable-width pen lines; editorial digital illustration; readable shapes with crisp edges; soft ambient lighting with restrained shading and minimal contrast
0081,976464222419605,839902181309248,rotating diamonds; vertical poster composition; soft hand-drawn geometry; balanced arrangement with moderate repetition; rounded cartoon outlines; editorial digital illustration; well-separated forms and clean outlines; low-contrast lighting with soft shading and minimal shadow
0082,303413696648930,898836072752154,three-quarter perspective view of a tram street; light mist; simplified graphic forms; minimal composition with broad open space; precise technical contour lines; anime-inspired digital illustration; readable shapes with crisp edges; soft diffuse lighting with minimal shadow and subtle shading
0083,548020629305659,294775711342162,wide panoramic view of a medieval alley; light mist; storybook stylization; minimal composition with broad open space; bold outer contours with simple inner lines; storybook digital illustration; clean contours and simplified shading; low-contrast lighting with soft shading and minimal shadow
0084,605575076496320,702742503224369,low-angle foreground emphasis view of a cave entrance; clear morning air; semi-realistic forms; dense composition with layered environmental detail; bold outer contours with simple inner lines; storybook digital illustration; clean contours and simplified shading; soft ambient lighting with restrained shading and minimal contrast
0085,527650969844469,644356759222764,low-angle foreground emphasis view of a harbor; soft overcast weather; simplified graphic forms; dense composition with layered environmental detail; rounded cartoon outlines; editorial digital illustration; clear contour lines and readable silhouettes; soft diffuse lighting with minimal shadow and subtle shading
0086,865837678559752,618435098865518,standing pose of a raccoon in tall grass; strongly deformed cute anatomy; minimal composition with a clear silhouette; ultra-thin delicate lines; clean digital illustration; clean contours and simplified shading; soft diffuse lighting with minimal shadow and subtle shading
0087,152259049845276,154485113491603,high-angle overlook of a salt flat; clear morning air; simplified graphic forms; dense composition with layered environmental detail; precise technical contour lines; anime-inspired digital illustration; clear contour lines and readable silhouettes; soft diffuse lighting with minimal shadow and subtle shading
0088,334325049524719,110370323699708,high-angle casual pose of a astronaut trainee in a library aisle; mid-action with a small gesture; strongly deformed cute proportions; balanced composition with a few supporting elements; thin crisp linework; vector-like digital illustration; clear contour lines and readable silhouettes; soft diffuse lighting with minimal shadow and subtle shading
0089,809068036393012,973052671017946,playful motion pose of a hedgehog beside a pond; strongly deformed cute anatomy; balanced composition with a few habitat elements; bold outer contours with simple inner lines; vector-like digital illustration; clear contour lines and readable silhouettes; overcast-like even lighting and subtle shadow
0090,247918137445447,208797325751408,looking back pose of a hedgehog beside a pond; semi-realistic anatomy; dense composition with layered habitat detail; variable-width pen lines; stylized digital illustration; clean contours and simplified shading; even lighting with soft shading and almost no cast shadow
0091,781379923253004,180429168132779,close-up detail view of a tractor on a quiet street; simplified graphic mechanical forms; balanced composition with a few contextual elements; brush-like digital linework with clean edges; anime-inspired digital illustration; clear contour lines and readable silhouettes; overcast-like even lighting and subtle shadow
0092,924453831406598,458090291403135,full-body standing pose at eye level of a librarian in a tidy bedroom; looking at the viewer; strongly deformed cute proportions; minimal composition with wide negative space; thin crisp linework; clean digital illustration; clear contour lines and readable silhouettes; soft ambient lighting with restrained shading and minimal contrast
0093,686029513494846,668826430058120,full-body standing pose at eye level of a puppeteer in a tidy bedroom; looking at the viewer; strongly deformed cute proportions; dense composition with layered details; ultra-thin delicate lines; anime-inspired digital illustration; clear contour lines and readable silhouettes; soft ambient lighting with restrained shading and minimal contrast
0094,794245603267598,800001041104658,rotating diamonds; radial composition; soft hand-drawn geometry; balanced arrangement with moderate repetition; medium-weight clean outlines; editorial digital illustration; readable shapes with crisp edges; even lighting with soft shading and almost no cast shadow
0095,372911673011866,144074803175428,eye-level travel sketch view of a cave entrance; light mist; miniature-like stylization; dense composition with layered environmental detail; bold outer contours with simple inner lines; anime-inspired digital illustration; clean contours and simplified shading; soft ambient lighting with restrained shading and minimal contrast
0096,337797256383592,888848771557157,long shot with deep background of a medieval alley; clear morning air; storybook stylization; minimal composition with broad open space; medium-weight clean outlines; clean digital illustration; readable shapes with crisp edges; overcast-like even lighting and subtle shadow
0097,269821364820217,383843644541424,top-down view of a potted cactus on a bookstore counter; overlapping cluster; observational proportions; minimal composition with ample breathing room; ultra-thin delicate lines; clean digital illustration; readable shapes with crisp edges; soft ambient lighting with restrained shading and minimal contrast
0098,653536280289929,360667891604574,three-quarter tabletop view of travel souvenirs on a bookstore counter; carefully arranged spread; observational proportions; balanced composition with a few supporting items; bold outer contours with simple inner lines; editorial digital illustration; well-separated forms and clean outlines; overcast-like even lighting and subtle shadow
0099,234684608999862,764507262480431,waist-up portrait of a elderly gardener in a classroom; preparing for work; strongly deformed cute proportions; minimal composition with wide negative space; rounded cartoon outlines; clean digital illustration; clear contour lines and readable silhouettes; low-contrast lighting with soft shading and minimal shadow
0100,759477982043269,362752671954043,high-angle overlook of a volcanic ridge; soft overcast weather; semi-realistic forms; dense composition with layered environmental detail; variable-width pen lines; clean digital illustration; clear contour lines and readable silhouettes; soft diffuse lighting with minimal shadow and subtle shading
0101,616399898606559,353615932930020,wide panoramic view of a harbor; light mist; miniature-like stylization; dense composition with layered environmental detail; ultra-thin delicate lines; editorial digital illustration; well-separated forms and clean outlines; flat lighting with very gentle shading
0102,981493260966207,418279595021956,gears and cogs; centered symmetrical layout; soft hand-drawn geometry; sparse arrangement with generous negative space; precise technical contour lines; anime-inspired digital illustration; readable shapes with crisp edges; soft ambient lighting with restrained shading and minimal contrast
0103,418633677228130,568397605210809,straight-on shelf view of seashells on a kitchen counter; single centered arrangement; diagram-like simplification; minimal composition with ample breathing room; thin crisp linework; clean digital illustration; well-separated forms and clean outlines; soft diffuse lighting with minimal shadow and subtle shading
0104,155829988149112,572003674595612,side elevation view of a excavator on a quiet street; simplified graphic mechanical forms; balanced composition with a few contextual elements; thin crisp linework; anime-inspired digital illustration; readable shapes with crisp edges; flat lighting with very gentle shading
0105,535065692200216,910913181126745,looking back pose of a giraffe on a snowy field; semi-realistic anatomy; balanced composition with a few habitat elements; rounded cartoon outlines; comic-influenced digital illustration; clear contour lines and readable silhouettes; flat lighting with very gentle shading
0106,586664783035626,509273848738543,long shot with deep background of a castle courtyard; post-rain calm; storybook stylization; balanced composition with clear foreground middle ground and background; variable-width pen lines; clean digital illustration; clear contour lines and readable silhouettes; soft diffuse lighting with minimal shadow and subtle shading
0107,764807996671125,416472999796681,sitting pose of a deer near a wooden fence; stylized anatomy; balanced composition with a few habitat elements; rounded cartoon outlines; storybook digital illustration; clear contour lines and readable silhouettes; flat lighting with very gentle shading
0108,738505127109455,474755041160332,eye-level close view of a teacup and saucer on a kitchen counter; overlapping cluster; simplified graphic forms; dense composition with many small details; thin crisp linework; storybook digital illustration; readable shapes with crisp edges; soft ambient lighting with restrained shading and minimal contrast
0109,291823058970768,524853592998566,candid walking pose of a violinist in a classroom; mid-action with a small gesture; semi-realistic proportions; minimal composition with wide negative space; bold outer contours with simple inner lines; anime-inspired digital illustration; clean contours and simplified shading; even lighting with soft shading and almost no cast shadow
0110,212634327583014,633941521939899,candid walking pose of a dancer in a cafe interior; slightly turning the body; semi-realistic proportions; dense composition with layered details; variable-width pen lines; storybook digital illustration; clear contour lines and readable silhouettes; even lighting with soft shading and almost no cast shadow
0111,894274768785629,745069051714921,side profile pose of a horse against a plain backdrop; stylized anatomy; minimal composition with a clear silhouette; bold outer contours with simple inner lines; storybook digital illustration; clean contours and simplified shading; even lighting with soft shading and almost no cast shadow
0112,347590127632319,427739607577676,modular stair steps; asymmetrical offset layout; soft hand-drawn geometry; dense arrangement with many repeated forms; ultra-thin delicate lines; editorial digital illustration; readable shapes with crisp edges; soft diffuse lighting with minimal shadow and subtle shading
0113,733861304923553,369337602326935,standing pose of a monkey near a wooden fence; strongly deformed cute anatomy; balanced composition with a few habitat elements; rounded cartoon outlines; storybook digital illustration; clean contours and simplified shading; low-contrast lighting with soft shading and minimal shadow
0114,445939663704956,558758315093113,low-angle heroic view of a helicopter on a station platform; simplified graphic mechanical forms; minimal composition with a single clear subject; precise technical contour lines; game-art style digital illustration; well-separated forms and clean outlines; overcast-like even lighting and subtle shadow
0115,464664759826135,222155390639293,sitting pose of a lion in a meadow; strongly deformed cute anatomy; dense composition with layered habitat detail; variable-width pen lines; anime-inspired digital illustration; readable shapes with crisp edges; even lighting with soft shading and almost no cast shadow
0116,473648972792240,745425392224792,bubbles and rings; asymmetrical offset layout; playful modular abstraction; sparse arrangement with generous negative space; rounded cartoon outlines; clean digital illustration; well-separated forms and clean outlines; soft diffuse lighting with minimal shadow and subtle shading
0117,494133034549104,565121897738206,isometric blocks; diagonal sweeping composition; soft hand-drawn geometry; balanced arrangement with moderate repetition; thin crisp linework; anime-inspired digital illustration; readable shapes with crisp edges; flat lighting with very gentle shading
0118,203278604169594,493197980174353,three-quarter front view of a robot vacuum at a harbor; playful cartoon engineering; minimal composition with a single clear subject; ultra-thin delicate lines; clean digital illustration; clean contours and simplified shading; low-contrast lighting with soft shading and minimal shadow
0119,529127893920357,998021211647746,looking back pose of a lizard in a forest path; stylized anatomy; dense composition with layered habitat detail; precise technical contour lines; stylized digital illustration; clear contour lines and readable silhouettes; low-contrast lighting with soft shading and minimal shadow
0120,255251080071600,859030784117264,low-angle heroic pose of a field scientist in an alleyway; looking at the viewer; stylized proportions; minimal composition with wide negative space; bold outer contours with simple inner lines; stylized digital illustration; clean contours and simplified shading; even lighting with soft shading and almost no cast shadow
0121,461199818706803,170886847600482,sitting pose of a zebra in a quiet room; strongly deformed cute anatomy; dense composition with layered habitat detail; precise technical contour lines; anime-inspired digital illustration; readable shapes with crisp edges; low-contrast lighting with soft shading and minimal shadow
0122,389155639999044,598236448004724,three-quarter front view of a streetcar at a depot; retro-futuristic stylization; dense composition with many visible parts and props; brush-like digital linework with clean edges; editorial digital illustration; clean contours and simplified shading; low-contrast lighting with soft shading and minimal shadow
0123,462035071585726,476481135382269,three-quarter front view of a coffee grinder at a harbor; simplified graphic mechanical forms; minimal composition with a single clear subject; medium-weight clean outlines; editorial digital illustration; clean contours and simplified shading; soft diffuse lighting with minimal shadow and subtle shading
0124,732139947149404,270029241798809,straight-on shelf view of ceramic vases on a bookstore counter; diagonal arrangement across the frame; simplified graphic forms; balanced composition with a few supporting items; rounded cartoon outlines; editorial digital illustration; clean contours and simplified shading; soft ambient lighting with restrained shading and minimal contrast
0125,598307997276516,453421124051517,sleeping pose of a barn owl in a quiet room; stylized anatomy; minimal composition with a clear silhouette; rounded cartoon outlines; anime-inspired digital illustration; clean contours and simplified shading; low-contrast lighting with soft shading and minimal shadow
0126,945820901937617,280438840854480,playful motion pose of a red fox on a rocky shore; stylized anatomy; minimal composition with a clear silhouette; medium-weight clean outlines; stylized digital illustration; clean contours and simplified shading; even lighting with soft shading and almost no cast shadow
0127,149243474676289,678893919304478,low-angle heroic pose of a blacksmith in a library aisle; holding a relevant tool; strongly deformed cute proportions; minimal composition with wide negative space; variable-width pen lines; stylized digital illustration; clean contours and simplified shading; overcast-like even lighting and subtle shadow
0128,589853161933797,638014838134484,straight-on shelf view of guitar pedals on a kitchen counter; shelf display arrangement; diagram-like simplification; dense composition with many small details; variable-width pen lines; clean digital illustration; well-separated forms and clean outlines; overcast-like even lighting and subtle shadow
0129,854020287568985,973682975752657,straight-on shelf view of antique keys on a picnic cloth; carefully arranged spread; simplified graphic forms; balanced composition with a few supporting items; rounded cartoon outlines; editorial digital illustration; well-separated forms and clean outlines; soft ambient lighting with restrained shading and minimal contrast
0130,450577474902819,584154862980866,modular stair steps; radial composition; diagrammatic construction; balanced arrangement with moderate repetition; thin crisp linework; anime-inspired digital illustration; readable shapes with crisp edges; even lighting with soft shading and almost no cast shadow
0131,753148107056827,720752171513416,high-angle overlook of a suburban street; gentle spring haze; semi-realistic forms; balanced composition with clear foreground middle ground and background; rounded cartoon outlines; clean digital illustration; well-separated forms and clean outlines; soft ambient lighting with restrained shading and minimal contrast
0132,219659485405906,926863801643561,full-body standing pose at eye level of a street photographer in a plain studio backdrop; resting for a moment; strongly deformed cute proportions; minimal composition with wide negative space; precise technical contour lines; clean digital illustration; clean contours and simplified shading; flat lighting with very gentle shading
0133,700248185613433,367463787165795,three-quarter tabletop view of backpack contents on a picnic cloth; shelf display arrangement; playful stylization; dense composition with many small details; brush-like digital linework with clean edges; storybook digital illustration; clean contours and simplified shading; overcast-like even lighting and subtle shadow
0134,204891769766016,136964829163229,leaf-vein abstraction; diagonal sweeping composition; diagrammatic construction; balanced arrangement with moderate repetition; medium-weight clean outlines; editorial digital illustration; readable shapes with crisp edges; soft diffuse lighting with minimal shadow and subtle shading
0135,666591186959310,168328487830395,seated pose in three-quarter view of a baker in a greenhouse; looking at the viewer; stylized proportions; balanced composition with a few supporting elements; bold outer contours with simple inner lines; clean digital illustration; clean contours and simplified shading; flat lighting with very gentle shading
0136,495215617283456,365090736704092,three-quarter perspective view of a observatory hill; thin cloud cover; miniature-like stylization; balanced composition with clear foreground middle ground and background; medium-weight clean outlines; editorial digital illustration; clean contours and simplified shading; flat lighting with very gentle shading
0137,240566437692023,949115684758256,front-facing pose of a alpaca on a snowy field; semi-realistic anatomy; balanced composition with a few habitat elements; ultra-thin delicate lines; vector-like digital illustration; clean contours and simplified shading; soft diffuse lighting with minimal shadow and subtle shading
0138,979377970460743,501945202708399,full-body standing pose at eye level of a kimono tailor in a library aisle; resting for a moment; strongly deformed cute proportions; balanced composition with a few supporting elements; variable-width pen lines; storybook digital illustration; readable shapes with crisp edges; overcast-like even lighting and subtle shadow
0139,972150498223947,455372565903371,full-body standing pose at eye level of a detective in an alleyway; holding a relevant tool; stylized proportions; minimal composition with wide negative space; bold outer contours with simple inner lines; clean digital illustration; readable shapes with crisp edges; even lighting with soft shading and almost no cast shadow
0140,954920252237924,829872034757941,sitting pose of a horse in tall grass; strongly deformed cute anatomy; dense composition with layered habitat detail; medium-weight clean outlines; anime-inspired digital illustration; readable shapes with crisp edges; overcast-like even lighting and subtle shadow
0141,646685727356179,874738218130178,sleeping pose of a frog in a garden; semi-realistic anatomy; minimal composition with a clear silhouette; ultra-thin delicate lines; anime-inspired digital illustration; clean contours and simplified shading; soft diffuse lighting with minimal shadow and subtle shading
0142,252826720500861,839698096288247,offset squares; radial composition; soft hand-drawn geometry; dense arrangement with many repeated forms; medium-weight clean outlines; editorial digital illustration; readable shapes with crisp edges; overcast-like even lighting and subtle shadow
0143,682317623202519,791113385083451,side elevation view of a bulldozer against a clean backdrop; semi-realistic mechanical proportions; minimal composition with a single clear subject; variable-width pen lines; clean digital illustration; readable shapes with crisp edges; even lighting with soft shading and almost no cast shadow
0144,885531824469039,616105276789143,looking back pose of a tiger on a rocky shore; strongly deformed cute anatomy; balanced composition with a few habitat elements; precise technical contour lines; comic-influenced digital illustration; clear contour lines and readable silhouettes; low-contrast lighting with soft shading and minimal shadow
0145,172073019245289,829524449700461,close-up detail view of a sailboat against a clean backdrop; simplified graphic mechanical forms; minimal composition with a single clear subject; brush-like digital linework with clean edges; anime-inspired digital illustration; readable shapes with crisp edges; overcast-like even lighting and subtle shadow
0146,518429776088665,585680727255947,bubbles and rings; diagonal sweeping composition; diagrammatic construction; balanced arrangement with moderate repetition; brush-like digital linework with clean edges; editorial digital illustration; clear contour lines and readable silhouettes; soft ambient lighting with restrained shading and minimal contrast
0147,959702180730692,410529787720766,wide panoramic view of a waterfall basin; soft overcast weather; simplified graphic forms; dense composition with layered environmental detail; thin crisp linework; anime-inspired digital illustration; well-separated forms and clean outlines; even lighting with soft shading and almost no cast shadow
0148,340162222825011,172630455719201,top-down view of a sailboat at a depot; playful cartoon engineering; balanced composition with a few contextual elements; rounded cartoon outlines; storybook digital illustration; readable shapes with crisp edges; flat lighting with very gentle shading
0149,866580325234786,263913406006947,low-angle heroic view of a ticket machine inside a workshop; retro-futuristic stylization; balanced composition with a few contextual elements; rounded cartoon outlines; comic-influenced digital illustration; well-separated forms and clean outlines; flat lighting with very gentle shading
0150,706266972631241,817598567257382,long shot with deep background of a greenhouse path; clear morning air; miniature-like stylization; dense composition with layered environmental detail; precise technical contour lines; anime-inspired digital illustration; readable shapes with crisp edges; even lighting with soft shading and almost no cast shadow
0151,520572550588085,367471500821580,standing pose of a capybara beside a pond; strongly deformed cute anatomy; minimal composition with a clear silhouette; thin crisp linework; clean digital illustration; readable shapes with crisp edges; soft ambient lighting with restrained shading and minimal contrast
0152,663315045552411,867505134189023,top-down view of a fruit bowl on a concrete floor; diagonal arrangement across the frame; playful stylization; balanced composition with a few supporting items; medium-weight clean outlines; editorial digital illustration; readable shapes with crisp edges; low-contrast lighting with soft shading and minimal shadow
0153,938949461004883,714707806646793,full-body standing pose at eye level of a boxer in a cafe interior; looking at the viewer; strongly deformed cute proportions; dense composition with layered details; precise technical contour lines; anime-inspired digital illustration; readable shapes with crisp edges; low-contrast lighting with soft shading and minimal shadow
0154,707637632577724,255122058786141,front-facing pose of a red fox in a meadow; semi-realistic anatomy; minimal composition with a clear silhouette; medium-weight clean outlines; stylized digital illustration; clear contour lines and readable silhouettes; soft diffuse lighting with minimal shadow and subtle shading
0155,764299878846244,943522706286290,side profile pose of a red fox in a quiet room; semi-realistic anatomy; balanced composition with a few habitat elements; variable-width pen lines; clean digital illustration; clear contour lines and readable silhouettes; even lighting with soft shading and almost no cast shadow
0156,894914827773071,996438250290929,straight-on shelf view of a toy robot on a workshop bench; shelf display arrangement; diagram-like simplification; minimal composition with ample breathing room; precise technical contour lines; clean digital illustration; readable shapes with crisp edges; flat lighting with very gentle shading
0157,211023446357198,315818608114688,interlocking arcs; diagonal sweeping composition; soft hand-drawn geometry; balanced arrangement with moderate repetition; precise technical contour lines; anime-inspired digital illustration; readable shapes with crisp edges; soft diffuse lighting with minimal shadow and subtle shading
0158,795770582658252,450516751231195,full-body standing pose at eye level of a kimono tailor in a plain studio backdrop; looking at the viewer; semi-realistic proportions; balanced composition with a few supporting elements; variable-width pen lines; storybook digital illustration; clear contour lines and readable silhouettes; overcast-like even lighting and subtle shadow
0159,832477977797388,648086037320970,low-angle foreground emphasis view of a desert canyon; soft overcast weather; semi-realistic forms; minimal composition with broad open space; thin crisp linework; storybook digital illustration; readable shapes with crisp edges; flat lighting with very gentle shading
0160,351102002288988,403281646031869,eye-level close view of lab glassware on a workshop bench; overlapping cluster; simplified graphic forms; balanced composition with a few supporting items; brush-like digital linework with clean edges; storybook digital illustration; readable shapes with crisp edges; soft diffuse lighting with minimal shadow and subtle shading
0161,542824074843684,446232899631871,three-quarter perspective view of a castle courtyard; soft overcast weather; storybook stylization; minimal composition with broad open space; thin crisp linework; storybook digital illustration; well-separated forms and clean outlines; overcast-like even lighting and subtle shadow
0162,584949948540038,193560831561764,eye-level travel sketch view of a tram street; clear morning air; miniature-like stylization; minimal composition with broad open space; ultra-thin delicate lines; anime-inspired digital illustration; clear contour lines and readable silhouettes; flat lighting with very gentle shading
0163,755884047432775,453915022056684,full-body standing pose at eye level of a barista in a tidy bedroom; captured in a candid pause; stylized proportions; dense composition with layered details; medium-weight clean outlines; anime-inspired digital illustration; readable shapes with crisp edges; overcast-like even lighting and subtle shadow
0164,194780711595269,401537747798890,checker wave; repeating all-over pattern; soft hand-drawn geometry; dense arrangement with many repeated forms; precise technical contour lines; anime-inspired digital illustration; clear contour lines and readable silhouettes; soft diffuse lighting with minimal shadow and subtle shading
0165,877358902544013,836043470465267,top-down view of a retro scooter at a harbor; retro-futuristic stylization; minimal composition with a single clear subject; bold outer contours with simple inner lines; anime-inspired digital illustration; clean contours and simplified shading; overcast-like even lighting and subtle shadow
0166,205954324478197,707099642060131,front view of a ticket machine at a depot; semi-realistic mechanical proportions; minimal composition with a single clear subject; precise technical contour lines; clean digital illustration; clean contours and simplified shading; flat lighting with very gentle shading
0167,739921305289944,932462840291187,eye-level close view of a vintage camera on a studio shelf; shelf display arrangement; simplified graphic forms; dense composition with many small details; rounded cartoon outlines; clean digital illustration; clean contours and simplified shading; soft diffuse lighting with minimal shadow and subtle shading
0168,157903630354621,551408466939222,organic cell shapes; radial composition; diagrammatic construction; sparse arrangement with generous negative space; ultra-thin delicate lines; anime-inspired digital illustration; well-separated forms and clean outlines; flat lighting with very gentle shading
0169,864594935908786,306174824002923,side profile pose of a giraffe against a plain backdrop; strongly deformed cute anatomy; minimal composition with a clear silhouette; precise technical contour lines; clean digital illustration; readable shapes with crisp edges; low-contrast lighting with soft shading and minimal shadow
0170,408668322603296,338848851654702,eye-level close view of sneakers on a workshop bench; single centered arrangement; simplified graphic forms; minimal composition with ample breathing room; ultra-thin delicate lines; clean digital illustration; well-separated forms and clean outlines; low-contrast lighting with soft shading and minimal shadow
0171,798967897078375,285964801737068,eye-level close view of guitar pedals on a concrete floor; carefully arranged spread; diagram-like simplification; balanced composition with a few supporting items; variable-width pen lines; editorial digital illustration; clean contours and simplified shading; flat lighting with very gentle shading
0172,293336650059692,363099446378265,three-quarter tabletop view of sneakers on a wooden desk; single centered arrangement; playful stylization; minimal composition with ample breathing room; ultra-thin delicate lines; clean digital illustration; clear contour lines and readable silhouettes; soft ambient lighting with restrained shading and minimal contrast
0173,667864549395919,534623520619868,three-quarter tabletop view of ceramic vases on a studio shelf; shelf display arrangement; playful stylization; minimal composition with ample breathing room; precise technical contour lines; clean digital illustration; clean contours and simplified shading; even lighting with soft shading and almost no cast shadow
0174,684598259261845,426779132935713,standing pose of a capybara in a meadow; stylized anatomy; minimal composition with a clear silhouette; precise technical contour lines; clean digital illustration; clean contours and simplified shading; flat lighting with very gentle shading
0175,953828446286855,669013840609785,candid walking pose of a beekeeper in an alleyway; preparing for work; stylized proportions; minimal composition with wide negative space; medium-weight clean outlines; anime-inspired digital illustration; clear contour lines and readable silhouettes; even lighting with soft shading and almost no cast shadow
0176,698448384617396,744605471726255,seated pose in three-quarter view of a school student in a library aisle; holding a relevant tool; semi-realistic proportions; minimal composition with wide negative space; thin crisp linework; anime-inspired digital illustration; clear contour lines and readable silhouettes; soft ambient lighting with restrained shading and minimal contrast
0177,507691699768401,522445411669177,nested triangles; radial composition; precise vector-like structure; sparse arrangement with generous negative space; bold outer contours with simple inner lines; storybook digital illustration; well-separated forms and clean outlines; soft diffuse lighting with minimal shadow and subtle shading
0178,697740297544225,145141786979872,waist-up portrait of a swimmer in a library aisle; looking away thoughtfully; semi-realistic proportions; minimal composition with wide negative space; medium-weight clean outlines; clean digital illustration; clear contour lines and readable silhouettes; even lighting with soft shading and almost no cast shadow
0179,353439705399332,101627369160923,playful motion pose of a goat in a meadow; strongly deformed cute anatomy; minimal composition with a clear silhouette; precise technical contour lines; stylized digital illustration; clean contours and simplified shading; flat lighting with very gentle shading
0180,757537413342745,126062194772867,low-angle heroic pose of a train conductor in a cafe interior; captured in a candid pause; strongly deformed cute proportions; balanced composition with a few supporting elements; medium-weight clean outlines; vector-like digital illustration; clear contour lines and readable silhouettes; even lighting with soft shading and almost no cast shadow
0181,693102350710509,628644191363569,playful motion pose of a lizard on a rocky shore; stylized anatomy; dense composition with layered habitat detail; rounded cartoon outlines; comic-influenced digital illustration; clear contour lines and readable silhouettes; flat lighting with very gentle shading
0182,996019652018398,903720192752659,low-angle foreground emphasis view of a desert canyon; clear morning air; storybook stylization; dense composition with layered environmental detail; ultra-thin delicate lines; clean digital illustration; clear contour lines and readable silhouettes; low-contrast lighting with soft shading and minimal shadow
0183,662382112443596,955040811810835,modular stair steps; centered symmetrical layout; diagrammatic construction; sparse arrangement with generous negative space; bold outer contours with simple inner lines; editorial digital illustration; well-separated forms and clean outlines; soft ambient lighting with restrained shading and minimal contrast
0184,827927183275306,681939961865580,sleeping pose of a red fox against a plain backdrop; strongly deformed cute anatomy; minimal composition with a clear silhouette; precise technical contour lines; storybook digital illustration; readable shapes with crisp edges; low-contrast lighting with soft shading and minimal shadow
0185,828865997670061,371303074144600,three-quarter perspective view of a observatory hill; clear morning air; miniature-like stylization; dense composition with layered environmental detail; medium-weight clean outlines; editorial digital illustration; clean contours and simplified shading; flat lighting with very gentle shading
0186,367991799004489,364506607744201,flowing ribbons; radial composition; precise vector-like structure; dense arrangement with many repeated forms; brush-like digital linework with clean edges; storybook digital illustration; clear contour lines and readable silhouettes; soft ambient lighting with restrained shading and minimal contrast
0187,260039113813553,937100500945983,low-angle foreground emphasis view of a industrial harbor; clear morning air; simplified graphic forms; dense composition with layered environmental detail; medium-weight clean outlines; editorial digital illustration; clear contour lines and readable silhouettes; flat lighting with very gentle shading
0188,976485652713561,482326925027665,top-down view of a desk fan on a wooden desk; overlapping cluster; observational proportions; dense composition with many small details; thin crisp linework; storybook digital illustration; clear contour lines and readable silhouettes; overcast-like even lighting and subtle shadow
0189,970423974129742,471053298831188,side profile portrait of a barista in an alleyway; slightly turning the body; stylized proportions; minimal composition with wide negative space; precise technical contour lines; vector-like digital illustration; clear contour lines and readable silhouettes; flat lighting with very gentle shading
0190,498644182911177,555841741918423,wide panoramic view of a salt flat; light mist; miniature-like stylization; minimal composition with broad open space; medium-weight clean outlines; editorial digital illustration; well-separated forms and clean outlines; overcast-like even lighting and subtle shadow
0191,379620028445271,985201113071472,eye-level close view of antique keys on a window sill; shelf display arrangement; simplified graphic forms; minimal composition with ample breathing room; bold outer contours with simple inner lines; storybook digital illustration; well-separated forms and clean outlines; flat lighting with very gentle shading
0192,137567426204829,379290933959805,high-angle casual pose of a florist in a plain studio backdrop; mid-action with a small gesture; strongly deformed cute proportions; minimal composition with wide negative space; medium-weight clean outlines; stylized digital illustration; readable shapes with crisp edges; even lighting with soft shading and almost no cast shadow
0193,127924374693573,762899017507459,full-body standing pose at eye level of a street photographer in a train platform; resting for a moment; semi-realistic proportions; minimal composition with wide negative space; rounded cartoon outlines; clean digital illustration; clear contour lines and readable silhouettes; low-contrast lighting with soft shading and minimal shadow
0194,942638482083695,808102283186373,labyrinth grid; asymmetrical offset layout; precise vector-like structure; sparse arrangement with generous negative space; thin crisp linework; storybook digital illustration; well-separated forms and clean outlines; low-contrast lighting with soft shading and minimal shadow
0195,242358748371207,787447035152492,top-down view of ceramic vases on a concrete floor; exploded-view arrangement; playful stylization; dense composition with many small details; thin crisp linework; anime-inspired digital illustration; readable shapes with crisp edges; low-contrast lighting with soft shading and minimal shadow
0196,478189461091877,655566715502253,top-down view of guitar pedals on a window sill; diagonal arrangement across the frame; playful stylization; minimal composition with ample breathing room; ultra-thin delicate lines; editorial digital illustration; readable shapes with crisp edges; soft diffuse lighting with minimal shadow and subtle shading
0197,624373437258292,493723046728282,three-quarter tabletop view of sneakers on a tatami mat; overlapping cluster; playful stylization; minimal composition with ample breathing room; medium-weight clean outlines; storybook digital illustration; clear contour lines and readable silhouettes; low-contrast lighting with soft shading and minimal shadow
0198,938004786351070,413515838028704,low-angle heroic view of a camera drone against a clean backdrop; retro-futuristic stylization; minimal composition with a single clear subject; variable-width pen lines; game-art style digital illustration; clear contour lines and readable silhouettes; low-contrast lighting with soft shading and minimal shadow
0199,464673279105169,734181931086819,full-body standing pose at eye level of a baker in a rooftop; looking at the viewer; semi-realistic proportions; dense composition with layered details; medium-weight clean outlines; anime-inspired digital illustration; readable shapes with crisp edges; overcast-like even lighting and subtle shadow
0200,954070008109913,246477092552931,low-angle foreground emphasis view of a lavender field; post-rain calm; simplified graphic forms; balanced composition with clear foreground middle ground and background; rounded cartoon outlines; editorial digital illustration; clear contour lines and readable silhouettes; even lighting with soft shading and almost no cast shadow
0201,873964503144993,850444253986762,standing pose of a hedgehog on a rocky shore; stylized anatomy; dense composition with layered habitat detail; variable-width pen lines; anime-inspired digital illustration; clean contours and simplified shading; even lighting with soft shading and almost no cast shadow
0202,603896073257403,953379298056426,close-up detail view of a coffee grinder at a depot; retro-futuristic stylization; balanced composition with a few contextual elements; ultra-thin delicate lines; editorial digital illustration; readable shapes with crisp edges; flat lighting with very gentle shading
0203,240252799033189,908288169216105,low-angle heroic view of a drone in a garage; semi-realistic mechanical proportions; balanced composition with a few contextual elements; variable-width pen lines; vector-like digital illustration; well-separated forms and clean outlines; low-contrast lighting with soft shading and minimal shadow
0204,198397495368652,733843466094721,candid walking pose of a astronaut trainee in a classroom; preparing for work; stylized proportions; dense composition with layered details; precise technical contour lines; storybook digital illustration; readable shapes with crisp edges; low-contrast lighting with soft shading and minimal shadow
0205,204915708426044,661345439455132,front-facing pose of a red fox on a snowy field; semi-realistic anatomy; minimal composition with a clear silhouette; precise technical contour lines; stylized digital illustration; clean contours and simplified shading; flat lighting with very gentle shading
0206,847322632323631,736743321245480,low-angle foreground emphasis view of a mountain trail; gentle spring haze; simplified graphic forms; balanced composition with clear foreground middle ground and background; brush-like digital linework with clean edges; editorial digital illustration; clear contour lines and readable silhouettes; flat lighting with very gentle shading
0207,563252218995018,558226805839245,eye-level travel sketch view of a bamboo grove; thin cloud cover; semi-realistic forms; balanced composition with clear foreground middle ground and background; bold outer contours with simple inner lines; storybook digital illustration; well-separated forms and clean outlines; flat lighting with very gentle shading
0208,914202650759691,528355665415371,high-angle casual pose of a motor mechanic in a tidy bedroom; mid-action with a small gesture; semi-realistic proportions; balanced composition with a few supporting elements; variable-width pen lines; vector-like digital illustration; clean contours and simplified shading; even lighting with soft shading and almost no cast shadow
0209,836151896354157,931836109234171,running pose of a seal in a garden; strongly deformed cute anatomy; dense composition with layered habitat detail; precise technical contour lines; storybook digital illustration; clear contour lines and readable silhouettes; low-contrast lighting with soft shading and minimal shadow
0210,207898915110808,789585041921557,eye-level close view of backpack contents on a studio shelf; overlapping cluster; simplified graphic forms; balanced composition with a few supporting items; brush-like digital linework with clean edges; storybook digital illustration; readable shapes with crisp edges; low-contrast lighting with soft shading and minimal shadow
0211,554600148297554,901874116002003,close-up detail view of a desktop computer tower inside a workshop; retro-futuristic stylization; balanced composition with a few contextual elements; bold outer contours with simple inner lines; anime-inspired digital illustration; readable shapes with crisp edges; low-contrast lighting with soft shading and minimal shadow
0212,672239932444744,388252143372338,front view of a tram inside a workshop; semi-realistic mechanical proportions; dense composition with many visible parts and props; brush-like digital linework with clean edges; storybook digital illustration; readable shapes with crisp edges; flat lighting with very gentle shading
0213,821380429236791,135695832816974,seated pose in three-quarter view of a dancer in a rooftop; holding a relevant tool; semi-realistic proportions; dense composition with layered details; rounded cartoon outlines; storybook digital illustration; clear contour lines and readable silhouettes; flat lighting with very gentle shading
0214,809174671082619,683971233603315,full-body standing pose at eye level of a baker in an alleyway; looking at the viewer; semi-realistic proportions; minimal composition with wide negative space; precise technical contour lines; clean digital illustration; clear contour lines and readable silhouettes; flat lighting with very gentle shading
0215,221726038066764,407711885917427,side elevation view of a portable radio in an open field; retro-futuristic stylization; minimal composition with a single clear subject; medium-weight clean outlines; editorial digital illustration; readable shapes with crisp edges; even lighting with soft shading and almost no cast shadow
0216,388237583074396,382031611538311,top-down view of a stationery set on a workshop bench; carefully arranged spread; playful stylization; dense composition with many small details; thin crisp linework; anime-inspired digital illustration; well-separated forms and clean outlines; flat lighting with very gentle shading
0217,965437153877859,125373556409042,straight-on shelf view of a vintage camera on a bookstore counter; single centered arrangement; diagram-like simplification; minimal composition with ample breathing room; rounded cartoon outlines; storybook digital illustration; clean contours and simplified shading; flat lighting with very gentle shading
0218,303478107410088,213631999368315,top-down view of a stack of books on a workshop bench; diagonal arrangement across the frame; playful stylization; balanced composition with a few supporting items; precise technical contour lines; anime-inspired digital illustration; well-separated forms and clean outlines; even lighting with soft shading and almost no cast shadow
0219,114188432478788,153891240381825,side elevation view of a steam locomotive at a harbor; semi-realistic mechanical proportions; dense composition with many visible parts and props; thin crisp linework; storybook digital illustration; well-separated forms and clean outlines; flat lighting with very gentle shading
0220,622940970267322,828987211759425,low-angle heroic view of a coffee grinder on a quiet street; playful cartoon engineering; balanced composition with a few contextual elements; variable-width pen lines; vector-like digital illustration; well-separated forms and clean outlines; flat lighting with very gentle shading
0221,385145415458996,796322506384098,sitting pose of a tortoise in a forest path; strongly deformed cute anatomy; balanced composition with a few habitat elements; rounded cartoon outlines; storybook digital illustration; clean contours and simplified shading; flat lighting with very gentle shading
0222,945529117138707,231806624598531,wide panoramic view of a botanical garden walkway; clear morning air; semi-realistic forms; minimal composition with broad open space; medium-weight clean outlines; clean digital illustration; clear contour lines and readable silhouettes; flat lighting with very gentle shading
0223,681383911946108,253584660260918,low-angle heroic pose of a librarian in a cafe interior; holding a relevant tool; semi-realistic proportions; minimal composition with wide negative space; ultra-thin delicate lines; stylized digital illustration; readable shapes with crisp edges; soft diffuse lighting with minimal shadow and subtle shading
0224,644653246538614,814644280062342,wide panoramic view of a tea plantation; post-rain calm; storybook stylization; balanced composition with clear foreground middle ground and background; brush-like digital linework with clean edges; storybook digital illustration; clear contour lines and readable silhouettes; flat lighting with very gentle shading
0225,543818265725900,649854302527132,low-angle heroic view of a city bicycle against a clean backdrop; semi-realistic mechanical proportions; minimal composition with a single clear subject; thin crisp linework; stylized digital illustration; well-separated forms and clean outlines; flat lighting with very gentle shading
0226,965310866796368,336411193948995,eye-level travel sketch view of a industrial harbor; light mist; simplified graphic forms; dense composition with layered environmental detail; ultra-thin delicate lines; editorial digital illustration; clean contours and simplified shading; overcast-like even lighting and subtle shadow
0227,582586426417539,331191891156338,standing pose of a monkey in a forest path; stylized anatomy; minimal composition with a clear silhouette; ultra-thin delicate lines; clean digital illustration; clear contour lines and readable silhouettes; soft diffuse lighting with minimal shadow and subtle shading
0228,508615959184707,291483584122518,labyrinth grid; diagonal sweeping composition; diagrammatic construction; dense arrangement with many repeated forms; medium-weight clean outlines; editorial digital illustration; well-separated forms and clean outlines; overcast-like even lighting and subtle shadow
0229,638636700714792,805615707089229,top-down view of a steam locomotive on a station platform; semi-realistic mechanical proportions; dense composition with many visible parts and props; brush-like digital linework with clean edges; storybook digital illustration; well-separated forms and clean outlines; low-contrast lighting with soft shading and minimal shadow
0230,272981741090500,322670010814777,three-quarter tabletop view of plush toys on a window sill; shelf display arrangement; playful stylization; balanced composition with a few supporting items; bold outer contours with simple inner lines; storybook digital illustration; well-separated forms and clean outlines; soft ambient lighting with restrained shading and minimal contrast
0231,112038650958615,775259034872051,top-down view of fountain pens on a tatami mat; carefully arranged spread; playful stylization; minimal composition with ample breathing room; bold outer contours with simple inner lines; anime-inspired digital illustration; readable shapes with crisp edges; low-contrast lighting with soft shading and minimal shadow
0232,459808289772017,551865854696997,straight-on shelf view of seashells on a studio shelf; overlapping cluster; diagram-like simplification; minimal composition with ample breathing room; medium-weight clean outlines; storybook digital illustration; clean contours and simplified shading; soft diffuse lighting with minimal shadow and subtle shading
0233,854337320742086,780052487281297,three-quarter tabletop view of a toy robot on a workshop bench; carefully arranged spread; observational proportions; dense composition with many small details; variable-width pen lines; anime-inspired digital illustration; well-separated forms and clean outlines; overcast-like even lighting and subtle shadow
0234,486486184794210,302536223085256,checker wave; asymmetrical offset layout; precise vector-like structure; dense arrangement with many repeated forms; medium-weight clean outlines; storybook digital illustration; clear contour lines and readable silhouettes; soft diffuse lighting with minimal shadow and subtle shading
0235,882463896447004,493778326668994,three-quarter perspective view of a greenhouse path; soft overcast weather; miniature-like stylization; dense composition with layered environmental detail; rounded cartoon outlines; editorial digital illustration; clean contours and simplified shading; overcast-like even lighting and subtle shadow
0236,209331571528461,784215748318629,dynamic motion pose of a librarian in a classroom; captured in a candid pause; stylized proportions; dense composition with layered details; bold outer contours with simple inner lines; clean digital illustration; clear contour lines and readable silhouettes; overcast-like even lighting and subtle shadow
0237,466323527450192,629295634053135,standing pose of a horse in a forest path; stylized anatomy; minimal composition with a clear silhouette; medium-weight clean outlines; clean digital illustration; clear contour lines and readable silhouettes; soft diffuse lighting with minimal shadow and subtle shading
0238,692226706758451,852203273899006,three-quarter perspective view of a desert canyon; clear morning air; miniature-like stylization; minimal composition with broad open space; bold outer contours with simple inner lines; editorial digital illustration; readable shapes with crisp edges; flat lighting with very gentle shading
0239,681229671238549,734303049412154,modular stair steps; asymmetrical offset layout; precise vector-like structure; sparse arrangement with generous negative space; bold outer contours with simple inner lines; storybook digital illustration; clean contours and simplified shading; low-contrast lighting with soft shading and minimal shadow
0240,465536620373858,958844090334056,long shot with deep background of a botanical garden walkway; thin cloud cover; storybook stylization; balanced composition with clear foreground middle ground and background; ultra-thin delicate lines; clean digital illustration; well-separated forms and clean outlines; low-contrast lighting with soft shading and minimal shadow
0241,400349681224425,839302215798960,straight-on shelf view of a chess set on a wooden desk; overlapping cluster; diagram-like simplification; dense composition with many small details; brush-like digital linework with clean edges; storybook digital illustration; well-separated forms and clean outlines; flat lighting with very gentle shading
0242,859356374275629,611922271336147,stacked capsules; banded horizontal composition; soft hand-drawn geometry; dense arrangement with many repeated forms; precise technical contour lines; anime-inspired digital illustration; readable shapes with crisp edges; soft ambient lighting with restrained shading and minimal contrast
0243,909486151005384,202154907367442,stacked capsules; banded horizontal composition; precise vector-like structure; dense arrangement with many repeated forms; variable-width pen lines; clean digital illustration; clear contour lines and readable silhouettes; flat lighting with very gentle shading
0244,787299990563708,161980102258574,eye-level travel sketch view of a bamboo grove; soft overcast weather; storybook stylization; dense composition with layered environmental detail; variable-width pen lines; clean digital illustration; clean contours and simplified shading; low-contrast lighting with soft shading and minimal shadow
0245,648995900118390,429531586110881,three-quarter perspective view of a winding highway; thin cloud cover; storybook stylization; balanced composition with clear foreground middle ground and background; bold outer contours with simple inner lines; storybook digital illustration; readable shapes with crisp edges; soft ambient lighting with restrained shading and minimal contrast
0246,995997039030190,457835455184590,low-angle heroic view of a seaplane on a station platform; simplified graphic mechanical forms; dense composition with many visible parts and props; variable-width pen lines; game-art style digital illustration; readable shapes with crisp edges; soft ambient lighting with restrained shading and minimal contrast
0247,520834703999490,858040734732769,side profile portrait of a swimmer in a cafe interior; preparing for work; strongly deformed cute proportions; balanced composition with a few supporting elements; rounded cartoon outlines; comic-influenced digital illustration; readable shapes with crisp edges; flat lighting with very gentle shading
0248,465147726752123,349035464681840,looking back pose of a zebra in a forest path; stylized anatomy; balanced composition with a few habitat elements; thin crisp linework; comic-influenced digital illustration; readable shapes with crisp edges; soft diffuse lighting with minimal shadow and subtle shading
0249,557131221121589,609624130687349,sleeping pose of a frog on a rocky shore; stylized anatomy; balanced composition with a few habitat elements; ultra-thin delicate lines; clean digital illustration; readable shapes with crisp edges; soft ambient lighting with restrained shading and minimal contrast
0250,908163906643554,880589003817165,front-facing pose of a otter in a forest path; semi-realistic anatomy; balanced composition with a few habitat elements; variable-width pen lines; comic-influenced digital illustration; readable shapes with crisp edges; even lighting with soft shading and almost no cast shadow
0251,597881887863183,197006262840350,side elevation view of a seaplane against a clean backdrop; playful cartoon engineering; minimal composition with a single clear subject; bold outer contours with simple inner lines; storybook digital illustration; readable shapes with crisp edges; even lighting with soft shading and almost no cast shadow
0252,503280805274624,146225141410092,straight-on shelf view of potted herbs on a bookstore counter; shelf display arrangement; diagram-like simplification; balanced composition with a few supporting items; rounded cartoon outlines; storybook digital illustration; clean contours and simplified shading; even lighting with soft shading and almost no cast shadow
0253,283287960295801,741233008080137,candid walking pose of a school student in a library aisle; mid-action with a small gesture; semi-realistic proportions; minimal composition with wide negative space; thin crisp linework; anime-inspired digital illustration; clear contour lines and readable silhouettes; soft ambient lighting with restrained shading and minimal contrast
0254,590100669151010,426807761152428,low-angle foreground emphasis view of a old shrine approach; soft overcast weather; miniature-like stylization; minimal composition with broad open space; variable-width pen lines; anime-inspired digital illustration; well-separated forms and clean outlines; low-contrast lighting with soft shading and minimal shadow
0255,745904162148403,639400720618868,straight-on shelf view of guitar pedals on a wooden desk; diagonal arrangement across the frame; simplified graphic forms; dense composition with many small details; variable-width pen lines; anime-inspired digital illustration; well-separated forms and clean outlines; low-contrast lighting with soft shading and minimal shadow
0256,629915762900208,863512743650021,side profile pose of a alpaca beside a pond; strongly deformed cute anatomy; balanced composition with a few habitat elements; thin crisp linework; clean digital illustration; readable shapes with crisp edges; soft diffuse lighting with minimal shadow and subtle shading
0257,480234200058327,783264597624804,three-quarter perspective view of a medieval alley; soft overcast weather; storybook stylization; minimal composition with broad open space; thin crisp linework; storybook digital illustration; clean contours and simplified shading; flat lighting with very gentle shading
0258,659984914954848,160858467736646,front-facing pose of a lizard beside a pond; semi-realistic anatomy; minimal composition with a clear silhouette; bold outer contours with simple inner lines; stylized digital illustration; readable shapes with crisp edges; even lighting with soft shading and almost no cast shadow
0259,229750307489949,381868435359063,front-facing pose of a tortoise in a garden; strongly deformed cute anatomy; balanced composition with a few habitat elements; thin crisp linework; vector-like digital illustration; readable shapes with crisp edges; soft ambient lighting with restrained shading and minimal contrast
0260,595941198390574,410871929019152,playful motion pose of a koi fish in tall grass; stylized anatomy; dense composition with layered habitat detail; thin crisp linework; comic-influenced digital illustration; clean contours and simplified shading; soft diffuse lighting with minimal shadow and subtle shading
0261,908399488749107,955165100116259,long shot with deep background of a waterfall basin; light mist; miniature-like stylization; minimal composition with broad open space; precise technical contour lines; anime-inspired digital illustration; readable shapes with crisp edges; soft ambient lighting with restrained shading and minimal contrast
0262,727193842302435,701221679427230,eye-level travel sketch view of a seaside cliff; clear morning air; semi-realistic forms; minimal composition with broad open space; precise technical contour lines; storybook digital illustration; clear contour lines and readable silhouettes; even lighting with soft shading and almost no cast shadow
0263,912194886065287,705625285347842,top-down view of lab glassware on a white tabletop; diagonal arrangement across the frame; playful stylization; balanced composition with a few supporting items; medium-weight clean outlines; editorial digital illustration; clear contour lines and readable silhouettes; low-contrast lighting with soft shading and minimal shadow
0264,374804481117183,585027485454169,long shot with deep background of a marsh boardwalk; clear morning air; storybook stylization; dense composition with layered environmental detail; ultra-thin delicate lines; clean digital illustration; readable shapes with crisp edges; soft diffuse lighting with minimal shadow and subtle shading
0265,817909966696874,187855510113322,stacked capsules; diagonal sweeping composition; playful modular abstraction; sparse arrangement with generous negative space; bold outer contours with simple inner lines; storybook digital illustration; clear contour lines and readable silhouettes; flat lighting with very gentle shading
0266,184490150737194,970872272885085,sitting pose of a seal in tall grass; semi-realistic anatomy; minimal composition with a clear silhouette; thin crisp linework; clean digital illustration; clean contours and simplified shading; soft ambient lighting with restrained shading and minimal contrast
0267,137280988527505,363554920409909,three-quarter tabletop view of antique keys on a bookstore counter; carefully arranged spread; observational proportions; dense composition with many small details; brush-like digital linework with clean edges; editorial digital illustration; clean contours and simplified shading; even lighting with soft shading and almost no cast shadow
0268,401928219735702,422425387706358,low-angle foreground emphasis view of a medieval alley; light mist; semi-realistic forms; dense composition with layered environmental detail; medium-weight clean outlines; storybook digital illustration; readable shapes with crisp edges; soft ambient lighting with restrained shading and minimal contrast
0269,540770028156527,152625566665781,top-down view of a cassette player on a station platform; simplified graphic mechanical forms; balanced composition with a few contextual elements; variable-width pen lines; editorial digital illustration; well-separated forms and clean outlines; low-contrast lighting with soft shading and minimal shadow
0270,938559848479784,111501730965508,sleeping pose of a penguin beside a pond; stylized anatomy; minimal composition with a clear silhouette; bold outer contours with simple inner lines; anime-inspired digital illustration; clean contours and simplified shading; even lighting with soft shading and almost no cast shadow
0271,121382724988492,919386012481902,three-quarter perspective view of a salt flat; clear morning air; storybook stylization; dense composition with layered environmental detail; bold outer contours with simple inner lines; storybook digital illustration; well-separated forms and clean outlines; soft diffuse lighting with minimal shadow and subtle shading
0272,700414533135610,587694335443880,eye-level close view of hand tools on a wooden desk; shelf display arrangement; simplified graphic forms; balanced composition with a few supporting items; variable-width pen lines; clean digital illustration; clear contour lines and readable silhouettes; even lighting with soft shading and almost no cast shadow
0273,421613891497998,524439356653206,mosaic tiles; diagonal sweeping composition; diagrammatic construction; dense arrangement with many repeated forms; ultra-thin delicate lines; editorial digital illustration; clear contour lines and readable silhouettes; soft diffuse lighting with minimal shadow and subtle shading
0274,713551404852569,588367822611323,radial petals; vertical poster composition; diagrammatic construction; dense arrangement with many repeated forms; bold outer contours with simple inner lines; anime-inspired digital illustration; readable shapes with crisp edges; flat lighting with very gentle shading
0275,728953400373511,392069622081026,straight-on shelf view of antique keys on a concrete floor; overlapping cluster; diagram-like simplification; minimal composition with ample breathing room; precise technical contour lines; clean digital illustration; clear contour lines and readable silhouettes; even lighting with soft shading and almost no cast shadow
0276,299543555417656,307754868274113,eye-level travel sketch view of a castle courtyard; soft overcast weather; storybook stylization; minimal composition with broad open space; rounded cartoon outlines; clean digital illustration; clear contour lines and readable silhouettes; soft ambient lighting with restrained shading and minimal contrast
0277,706011525265058,770790899167725,low-angle foreground emphasis view of a botanical garden walkway; soft overcast weather; storybook stylization; minimal composition with broad open space; rounded cartoon outlines; clean digital illustration; clean contours and simplified shading; soft diffuse lighting with minimal shadow and subtle shading
0278,667387869006424,519778592080552,low-angle heroic pose of a office worker in a classroom; captured in a candid pause; semi-realistic proportions; minimal composition with wide negative space; variable-width pen lines; stylized digital illustration; clean contours and simplified shading; overcast-like even lighting and subtle shadow
0279,793935300228133,446827133657657,folded planes; repeating all-over pattern; soft hand-drawn geometry; dense arrangement with many repeated forms; precise technical contour lines; anime-inspired digital illustration; clean contours and simplified shading; even lighting with soft shading and almost no cast shadow
0280,280170479902907,603263749045297,checker wave; repeating all-over pattern; soft hand-drawn geometry; sparse arrangement with generous negative space; precise technical contour lines; anime-inspired digital illustration; clear contour lines and readable silhouettes; soft diffuse lighting with minimal shadow and subtle shading
0281,298717271203969,914705581486837,candid walking pose of a detective in a riverside promenade; slightly turning the body; semi-realistic proportions; balanced composition with a few supporting elements; ultra-thin delicate lines; clean digital illustration; readable shapes with crisp edges; soft ambient lighting with restrained shading and minimal contrast
0282,407996777344509,527593360776911,topographic contour lines; diagonal sweeping composition; diagrammatic construction; balanced arrangement with moderate repetition; brush-like digital linework with clean edges; editorial digital illustration; well-separated forms and clean outlines; flat lighting with very gentle shading
0283,436057623656764,335906270625056,top-down view of a seaplane on a quiet street; retro-futuristic stylization; minimal composition with a single clear subject; ultra-thin delicate lines; editorial digital illustration; clear contour lines and readable silhouettes; even lighting with soft shading and almost no cast shadow
0284,358704263696800,882375232946020,front-facing pose of a tortoise in a quiet room; stylized anatomy; minimal composition with a clear silhouette; ultra-thin delicate lines; stylized digital illustration; clean contours and simplified shading; soft diffuse lighting with minimal shadow and subtle shading
0285,316154032666968,696490019320394,low-angle foreground emphasis view of a botanical garden walkway; clear morning air; simplified graphic forms; dense composition with layered environmental detail; medium-weight clean outlines; editorial digital illustration; clear contour lines and readable silhouettes; low-contrast lighting with soft shading and minimal shadow
0286,368406843618989,750351991682394,three-quarter perspective view of a tea plantation; thin cloud cover; storybook stylization; balanced composition with clear foreground middle ground and background; bold outer contours with simple inner lines; storybook digital illustration; clear contour lines and readable silhouettes; low-contrast lighting with soft shading and minimal shadow
0287,821042107866126,376758623122340,low-angle foreground emphasis view of a mountain trail; soft overcast weather; storybook stylization; dense composition with layered environmental detail; variable-width pen lines; clean digital illustration; clean contours and simplified shading; overcast-like even lighting and subtle shadow
0288,777819030551574,325944640136103,sitting pose of a alpaca beside a pond; stylized anatomy; balanced composition with a few habitat elements; bold outer contours with simple inner lines; storybook digital illustration; clean contours and simplified shading; overcast-like even lighting and subtle shadow
0289,340282104751887,909518269429372,three-quarter tabletop view of a chess set on a bookstore counter; diagonal arrangement across the frame; observational proportions; minimal composition with ample breathing room; medium-weight clean outlines; editorial digital illustration; clean contours and simplified shading; overcast-like even lighting and subtle shadow
0290,785232484963036,680953736693232,crystalline lattice; diagonal sweeping composition; diagrammatic construction; sparse arrangement with generous negative space; medium-weight clean outlines; editorial digital illustration; clear contour lines and readable silhouettes; flat lighting with very gentle shading
0291,460132728420703,763680813237597,three-quarter perspective view of a winding highway; light mist; semi-realistic forms; dense composition with layered environmental detail; precise technical contour lines; clean digital illustration; clear contour lines and readable silhouettes; soft diffuse lighting with minimal shadow and subtle shading
0292,599374740680779,419717613768538,low-angle foreground emphasis view of a seaside cliff; light mist; miniature-like stylization; dense composition with layered environmental detail; bold outer contours with simple inner lines; anime-inspired digital illustration; clean contours and simplified shading; overcast-like even lighting and subtle shadow
0293,766157480155915,532718579145221,sleeping pose of a koi fish in a garden; strongly deformed cute anatomy; dense composition with layered habitat detail; thin crisp linework; storybook digital illustration; readable shapes with crisp edges; soft diffuse lighting with minimal shadow and subtle shading
0294,283192903765978,924368744851194,straight-on shelf view of paint tubes on a wooden desk; single centered arrangement; diagram-like simplification; minimal composition with ample breathing room; precise technical contour lines; clean digital illustration; well-separated forms and clean outlines; flat lighting with very gentle shading
0295,187121799563467,630672207697337,sleeping pose of a capybara beside a pond; semi-realistic anatomy; minimal composition with a clear silhouette; medium-weight clean outlines; anime-inspired digital illustration; clear contour lines and readable silhouettes; even lighting with soft shading and almost no cast shadow
0296,372249986942804,865204515837920,dynamic motion pose of a kimono tailor in a riverside promenade; looking at the viewer; semi-realistic proportions; minimal composition with wide negative space; bold outer contours with simple inner lines; storybook digital illustration; clean contours and simplified shading; even lighting with soft shading and almost no cast shadow
0297,909610306247153,402880437738287,three-quarter front view of a ticket machine against a clean backdrop; semi-realistic mechanical proportions; minimal composition with a single clear subject; medium-weight clean outlines; clean digital illustration; clean contours and simplified shading; low-contrast lighting with soft shading and minimal shadow
0298,474084582401234,482583999852963,side profile pose of a elephant beside a pond; strongly deformed cute anatomy; balanced composition with a few habitat elements; thin crisp linework; anime-inspired digital illustration; clean contours and simplified shading; soft ambient lighting with restrained shading and minimal contrast
0299,642434782454781,877462116830676,three-quarter perspective view of a island lighthouse; clear morning air; simplified graphic forms; minimal composition with broad open space; ultra-thin delicate lines; anime-inspired digital illustration; clear contour lines and readable silhouettes; low-contrast lighting with soft shading and minimal shadow
0300,919597631814502,352963167605217,waist-up portrait of a blacksmith in a tidy bedroom; slightly turning the body; stylized proportions; balanced composition with a few supporting elements; variable-width pen lines; storybook digital illustration; readable shapes with crisp edges; even lighting with soft shading and almost no cast shadow
0301,931660761549229,305187300141751,top-down view of sunglasses on a white tabletop; diagonal arrangement across the frame; playful stylization; balanced composition with a few supporting items; medium-weight clean outlines; editorial digital illustration; well-separated forms and clean outlines; soft diffuse lighting with minimal shadow and subtle shading
0302,246952923786368,847962796215988,top-down view of sneakers on a window sill; overlapping cluster; observational proportions; balanced composition with a few supporting items; medium-weight clean outlines; clean digital illustration; clean contours and simplified shading; even lighting with soft shading and almost no cast shadow
0303,140752904997976,578214237182421,sleeping pose of a crane in tall grass; strongly deformed cute anatomy; balanced composition with a few habitat elements; thin crisp linework; clean digital illustration; clear contour lines and readable silhouettes; soft diffuse lighting with minimal shadow and subtle shading
0304,351313388066809,709353751612263,three-quarter tabletop view of fountain pens on a concrete floor; carefully arranged spread; observational proportions; balanced composition with a few supporting items; bold outer contours with simple inner lines; editorial digital illustration; clean contours and simplified shading; flat lighting with very gentle shading
0305,915550444976781,567749464565698,eye-level close view of guitar pedals on a window sill; diagonal arrangement across the frame; diagram-like simplification; minimal composition with ample breathing room; ultra-thin delicate lines; editorial digital illustration; well-separated forms and clean outlines; soft diffuse lighting with minimal shadow and subtle shading
0306,443126615004430,940292394526565,three-quarter front view of a seaplane in a garage; retro-futuristic stylization; balanced composition with a few contextual elements; ultra-thin delicate lines; anime-inspired digital illustration; clean contours and simplified shading; soft ambient lighting with restrained shading and minimal contrast
0307,819498920299797,496730157329306,top-down view of a potted cactus on a picnic cloth; diagonal arrangement across the frame; playful stylization; minimal composition with ample breathing room; ultra-thin delicate lines; editorial digital illustration; readable shapes with crisp edges; soft ambient lighting with restrained shading and minimal contrast
0308,705326365313368,568842632689517,straight-on shelf view of a toy robot on a window sill; carefully arranged spread; simplified graphic forms; dense composition with many small details; brush-like digital linework with clean edges; editorial digital illustration; well-separated forms and clean outlines; soft ambient lighting with restrained shading and minimal contrast
0309,843458767468805,353381186560119,sunburst segments; vertical poster composition; soft hand-drawn geometry; dense arrangement with many repeated forms; medium-weight clean outlines; editorial digital illustration; clean contours and simplified shading; flat lighting with very gentle shading
0310,383986775678868,276724238835617,full-body standing pose at eye level of a librarian in a train platform; resting for a moment; semi-realistic proportions; balanced composition with a few supporting elements; thin crisp linework; storybook digital illustration; readable shapes with crisp edges; soft ambient lighting with restrained shading and minimal contrast
0311,807863802284112,575726565893925,wide panoramic view of a desert canyon; light mist; storybook stylization; minimal composition with broad open space; bold outer contours with simple inner lines; storybook digital illustration; clean contours and simplified shading; overcast-like even lighting and subtle shadow
0312,644051995980617,532674685452249,three-quarter perspective view of a old shrine approach; clear morning air; simplified graphic forms; dense composition with layered environmental detail; precise technical contour lines; anime-inspired digital illustration; readable shapes with crisp edges; low-contrast lighting with soft shading and minimal shadow
0313,324517311518735,100172581127895,side profile pose of a golden retriever in tall grass; strongly deformed cute anatomy; minimal composition with a clear silhouette; rounded cartoon outlines; storybook digital illustration; clean contours and simplified shading; low-contrast lighting with soft shading and minimal shadow
0314,604327845608984,179177425788559,three-quarter perspective view of a rice terrace; thin cloud cover; semi-realistic forms; balanced composition with clear foreground middle ground and background; ultra-thin delicate lines; clean digital illustration; readable shapes with crisp edges; even lighting with soft shading and almost no cast shadow
0315,880696213407525,530122921722141,three-quarter perspective view of a botanical garden walkway; thin cloud cover; miniature-like stylization; balanced composition with clear foreground middle ground and background; medium-weight clean outlines; editorial digital illustration; well-separated forms and clean outlines; overcast-like even lighting and subtle shadow
0316,525110853653283,340845752073598,isometric blocks; radial composition; soft hand-drawn geometry; dense arrangement with many repeated forms; rounded cartoon outlines; editorial digital illustration; clear contour lines and readable silhouettes; low-contrast lighting with soft shading and minimal shadow
0317,939068676830659,616385306256108,waist-up portrait of a boxer in a train platform; slightly turning the body; stylized proportions; balanced composition with a few supporting elements; ultra-thin delicate lines; storybook digital illustration; readable shapes with crisp edges; soft ambient lighting with restrained shading and minimal contrast
0318,174114964838700,425624783002731,high-angle overlook of a marsh boardwalk; gentle spring haze; semi-realistic forms; balanced composition with clear foreground middle ground and background; rounded cartoon outlines; clean digital illustration; clean contours and simplified shading; flat lighting with very gentle shading
0319,492464358217989,601873386085417,bubbles and rings; banded horizontal composition; playful modular abstraction; balanced arrangement with moderate repetition; thin crisp linework; storybook digital illustration; readable shapes with crisp edges; soft ambient lighting with restrained shading and minimal contrast
0320,746077841738366,403033826620557,close-up detail view of a bulldozer on a quiet street; semi-realistic mechanical proportions; minimal composition with a single clear subject; bold outer contours with simple inner lines; clean digital illustration; clear contour lines and readable silhouettes; soft diffuse lighting with minimal shadow and subtle shading
0321,542224124189182,279487039587764,three-quarter front view of a excavator at a harbor; retro-futuristic stylization; dense composition with many visible parts and props; variable-width pen lines; anime-inspired digital illustration; well-separated forms and clean outlines; low-contrast lighting with soft shading and minimal shadow
0322,525646224036021,178580637198693,sitting pose of a shiba inu against a plain backdrop; stylized anatomy; minimal composition with a clear silhouette; medium-weight clean outlines; anime-inspired digital illustration; readable shapes with crisp edges; overcast-like even lighting and subtle shadow
0323,514124608926167,121194192031147,three-quarter tabletop view of candles on a kitchen counter; diagonal arrangement across the frame; observational proportions; balanced composition with a few supporting items; ultra-thin delicate lines; anime-inspired digital illustration; readable shapes with crisp edges; low-contrast lighting with soft shading and minimal shadow
0324,128983030374114,311470747486605,top-down view of a cassette player at a harbor; simplified graphic mechanical forms; dense composition with many visible parts and props; rounded cartoon outlines; editorial digital illustration; well-separated forms and clean outlines; flat lighting with very gentle shading
0325,265821911241001,491983764131580,long shot with deep background of a seaside cliff; clear morning air; miniature-like stylization; dense composition with layered environmental detail; precise technical contour lines; anime-inspired digital illustration; well-separated forms and clean outlines; flat lighting with very gentle shading
0326,413915841794921,576901684400144,full-body standing pose at eye level of a manga assistant in a greenhouse; resting for a moment; semi-realistic proportions; dense composition with layered details; ultra-thin delicate lines; anime-inspired digital illustration; clean contours and simplified shading; soft ambient lighting with restrained shading and minimal contrast
0327,174314615095845,268311588055980,side profile pose of a crane beside a pond; semi-realistic anatomy; minimal composition with a clear silhouette; rounded cartoon outlines; storybook digital illustration; clean contours and simplified shading; low-contrast lighting with soft shading and minimal shadow
0328,249571815097431,622723326049254,high-angle casual pose of a school student in a rooftop; mid-action with a small gesture; strongly deformed cute proportions; balanced composition with a few supporting elements; precise technical contour lines; vector-like digital illustration; clear contour lines and readable silhouettes; low-contrast lighting with soft shading and minimal shadow
0329,645429193565385,804867869758408,nested triangles; asymmetrical offset layout; playful modular abstraction; dense arrangement with many repeated forms; ultra-thin delicate lines; clean digital illustration; readable shapes with crisp edges; overcast-like even lighting and subtle shadow
0330,705985798017847,809567306132475,front view of a typewriter in a garage; semi-realistic mechanical proportions; dense composition with many visible parts and props; brush-like digital linework with clean edges; storybook digital illustration; clear contour lines and readable silhouettes; overcast-like even lighting and subtle shadow
0331,568931965091606,334266918753682,standing pose of a golden retriever on a snowy field; strongly deformed cute anatomy; dense composition with layered habitat detail; rounded cartoon outlines; anime-inspired digital illustration; clean contours and simplified shading; flat lighting with very gentle shading
0332,406168217546511,135872038405866,running pose of a koala near a wooden fence; stylized anatomy; balanced composition with a few habitat elements; thin crisp linework; clean digital illustration; clean contours and simplified shading; soft ambient lighting with restrained shading and minimal contrast
0333,291215948188842,302867167206986,high-angle overlook of a tea plantation; post-rain calm; miniature-like stylization; balanced composition with clear foreground middle ground and background; rounded cartoon outlines; editorial digital illustration; well-separated forms and clean outlines; flat lighting with very gentle shading
0334,610545166058242,339413046673733,low-angle heroic pose of a field scientist in a tidy bedroom; resting for a moment; stylized proportions; balanced composition with a few supporting elements; thin crisp linework; vector-like digital illustration; clean contours and simplified shading; soft ambient lighting with restrained shading and minimal contrast
0335,960344310917199,991977544072282,full-body standing pose at eye level of a barista in an alleyway; looking at the viewer; semi-realistic proportions; dense composition with layered details; thin crisp linework; anime-inspired digital illustration; readable shapes with crisp edges; soft diffuse lighting with minimal shadow and subtle shading
0336,501371597855492,382146292175507,long shot with deep background of a tram street; thin cloud cover; miniature-like stylization; balanced composition with clear foreground middle ground and background; precise technical contour lines; anime-inspired digital illustration; clean contours and simplified shading; low-contrast lighting with soft shading and minimal shadow
0337,647213612244106,390172796523851,low-angle foreground emphasis view of a rice terrace; soft overcast weather; storybook stylization; minimal composition with broad open space; rounded cartoon outlines; clean digital illustration; readable shapes with crisp edges; even lighting with soft shading and almost no cast shadow
0338,627052034158536,439415091962758,high-angle casual pose of a nurse in a tidy bedroom; slightly turning the body; strongly deformed cute proportions; minimal composition with wide negative space; medium-weight clean outlines; stylized digital illustration; clean contours and simplified shading; even lighting with soft shading and almost no cast shadow
0339,263009497993079,331448234009905,playful motion pose of a frog on a snowy field; semi-realistic anatomy; minimal composition with a clear silhouette; rounded cartoon outlines; stylized digital illustration; readable shapes with crisp edges; low-contrast lighting with soft shading and minimal shadow
0340,645789314936331,618888148506911,sitting pose of a penguin in a forest path; semi-realistic anatomy; balanced composition with a few habitat elements; ultra-thin delicate lines; storybook digital illustration; clear contour lines and readable silhouettes; soft ambient lighting with restrained shading and minimal contrast
0341,549080336419624,221745068167801,long shot with deep background of a observatory hill; gentle spring haze; semi-realistic forms; balanced composition with clear foreground middle ground and background; thin crisp linework; storybook digital illustration; well-separated forms and clean outlines; soft diffuse lighting with minimal shadow and subtle shading
0342,529379488648264,670221603149432,eye-level travel sketch view of a harbor; soft overcast weather; storybook stylization; minimal composition with broad open space; rounded cartoon outlines; clean digital illustration; well-separated forms and clean outlines; soft ambient lighting with restrained shading and minimal contrast
0343,348279976032516,564092956011089,playful motion pose of a capybara near a wooden fence; strongly deformed cute anatomy; minimal composition with a clear silhouette; rounded cartoon outlines; stylized digital illustration; clear contour lines and readable silhouettes; low-contrast lighting with soft shading and minimal shadow
0344,613294820121087,148950974032531,long shot with deep background of a seaside cliff; light mist; simplified graphic forms; dense composition with layered environmental detail; ultra-thin delicate lines; editorial digital illustration; clean contours and simplified shading; soft diffuse lighting with minimal shadow and subtle shading
0345,806493806433889,205828799847475,side profile pose of a koala near a wooden fence; stylized anatomy; balanced composition with a few habitat elements; medium-weight clean outlines; clean digital illustration; clean contours and simplified shading; overcast-like even lighting and subtle shadow
0346,418033426150397,579982657247451,candid walking pose of a nurse in a plain studio backdrop; slightly turning the body; strongly deformed cute proportions; dense composition with layered details; medium-weight clean outlines; storybook digital illustration; clear contour lines and readable silhouettes; overcast-like even lighting and subtle shadow
0347,415427648595215,332965181197056,straight-on shelf view of plush toys on a window sill; shelf display arrangement; diagram-like simplification; balanced composition with a few supporting items; rounded cartoon outlines; storybook digital illustration; well-separated forms and clean outlines; soft ambient lighting with restrained shading and minimal contrast
0348,287020050805234,375375858351037,sitting pose of a raccoon against a plain backdrop; semi-realistic anatomy; minimal composition with a clear silhouette; bold outer contours with simple inner lines; clean digital illustration; clear contour lines and readable silhouettes; even lighting with soft shading and almost no cast shadow
0349,752977147852453,972312838613944,waist-up portrait of a kimono tailor in a plain studio backdrop; looking away thoughtfully; semi-realistic proportions; balanced composition with a few supporting elements; bold outer contours with simple inner lines; storybook digital illustration; clear contour lines and readable silhouettes; overcast-like even lighting and subtle shadow
0350,914144717029127,724561063788056,side profile pose of a butterfly in a forest path; stylized anatomy; balanced composition with a few habitat elements; rounded cartoon outlines; clean digital illustration; readable shapes with crisp edges; flat lighting with very gentle shading
0351,265844660151237,136393026919445,close-up detail view of a vending machine on a quiet street; playful cartoon engineering; balanced composition with a few contextual elements; rounded cartoon outlines; storybook digital illustration; readable shapes with crisp edges; flat lighting with very gentle shading
0352,302471654660909,544562617918508,side profile pose of a lion in a meadow; semi-realistic anatomy; minimal composition with a clear silhouette; rounded cartoon outlines; storybook digital illustration; clear contour lines and readable silhouettes; low-contrast lighting with soft shading and minimal shadow
0353,216015124990088,599244995201476,low-angle heroic view of a excavator inside a workshop; retro-futuristic stylization; dense composition with many visible parts and props; brush-like digital linework with clean edges; comic-influenced digital illustration; clean contours and simplified shading; low-contrast lighting with soft shading and minimal shadow
0354,245954548790725,790666563590239,front view of a robot vacuum in an open field; playful cartoon engineering; minimal composition with a single clear subject; medium-weight clean outlines; storybook digital illustration; well-separated forms and clean outlines; even lighting with soft shading and almost no cast shadow
0355,917821347134084,926535978864882,top-down view of a portable radio in an open field; simplified graphic mechanical forms; minimal composition with a single clear subject; bold outer contours with simple inner lines; anime-inspired digital illustration; clean contours and simplified shading; low-contrast lighting with soft shading and minimal shadow
0356,379663779843847,998798117713250,low-angle heroic pose of a chef in a rooftop; holding a relevant tool; strongly deformed cute proportions; balanced composition with a few supporting elements; medium-weight clean outlines; vector-like digital illustration; readable shapes with crisp edges; even lighting with soft shading and almost no cast shadow
0357,405799774155999,493913234164768,hexagonal tessellation; asymmetrical offset layout; diagrammatic construction; sparse arrangement with generous negative space; ultra-thin delicate lines; anime-inspired digital illustration; clean contours and simplified shading; low-contrast lighting with soft shading and minimal shadow
0358,335213348951929,102926380151286,isometric blocks; banded horizontal composition; playful modular abstraction; sparse arrangement with generous negative space; thin crisp linework; storybook digital illustration; well-separated forms and clean outlines; low-contrast lighting with soft shading and minimal shadow
0359,806832108276547,951093824860363,running pose of a deer on a rocky shore; strongly deformed cute anatomy; balanced composition with a few habitat elements; bold outer contours with simple inner lines; clean digital illustration; clear contour lines and readable silhouettes; flat lighting with very gentle shading
0360,185679669664361,586991985397886,playful motion pose of a koala against a plain backdrop; strongly deformed cute anatomy; minimal composition with a clear silhouette; rounded cartoon outlines; vector-like digital illustration; readable shapes with crisp edges; flat lighting with very gentle shading
0361,364687650804354,979040302321337,sliced cylinders; asymmetrical offset layout; diagrammatic construction; sparse arrangement with generous negative space; ultra-thin delicate lines; anime-inspired digital illustration; readable shapes with crisp edges; low-contrast lighting with soft shading and minimal shadow
0362,685991488624058,413185642916991,high-angle overlook of a botanical garden walkway; light mist; storybook stylization; minimal composition with broad open space; bold outer contours with simple inner lines; storybook digital illustration; clear contour lines and readable silhouettes; overcast-like even lighting and subtle shadow
0363,715221465623642,948047202584482,looking back pose of a capybara beside a pond; stylized anatomy; minimal composition with a clear silhouette; precise technical contour lines; vector-like digital illustration; readable shapes with crisp edges; flat lighting with very gentle shading
0364,921915920396701,885676453722314,eye-level travel sketch view of a castle courtyard; clear morning air; miniature-like stylization; minimal composition with broad open space; ultra-thin delicate lines; anime-inspired digital illustration; clean contours and simplified shading; overcast-like even lighting and subtle shadow
0365,214056606677290,986792555650464,low-angle heroic pose of a astronaut trainee in a library aisle; looking at the viewer; stylized proportions; dense composition with layered details; bold outer contours with simple inner lines; comic-influenced digital illustration; readable shapes with crisp edges; overcast-like even lighting and subtle shadow
0366,782159571441308,804203540512873,offset squares; repeating all-over pattern; diagrammatic construction; dense arrangement with many repeated forms; ultra-thin delicate lines; editorial digital illustration; readable shapes with crisp edges; even lighting with soft shading and almost no cast shadow
0367,571140074606908,115255734703613,side profile portrait of a baker in an alleyway; slightly turning the body; stylized proportions; balanced composition with a few supporting elements; bold outer contours with simple inner lines; comic-influenced digital illustration; clean contours and simplified shading; overcast-like even lighting and subtle shadow
0368,498038083977652,900852212278395,folded planes; diagonal sweeping composition; diagrammatic construction; sparse arrangement with generous negative space; medium-weight clean outlines; editorial digital illustration; clean contours and simplified shading; soft diffuse lighting with minimal shadow and subtle shading
0369,713292486875366,924367112438076,top-down view of a camping trailer on a station platform; playful cartoon engineering; minimal composition with a single clear subject; precise technical contour lines; clean digital illustration; readable shapes with crisp edges; low-contrast lighting with soft shading and minimal shadow
0370,849027485988444,570240552829796,three-quarter tabletop view of potted herbs on a concrete floor; overlapping cluster; playful stylization; balanced composition with a few supporting items; ultra-thin delicate lines; clean digital illustration; clean contours and simplified shading; flat lighting with very gentle shading
0371,482004496809428,786670288814051,looking back pose of a butterfly in a forest path; stylized anatomy; dense composition with layered habitat detail; rounded cartoon outlines; stylized digital illustration; readable shapes with crisp edges; flat lighting with very gentle shading
0372,324743602358922,749139982005177,side elevation view of a seaplane inside a workshop; retro-futuristic stylization; minimal composition with a single clear subject; precise technical contour lines; anime-inspired digital illustration; readable shapes with crisp edges; even lighting with soft shading and almost no cast shadow
0373,636452825960065,368382288305486,running pose of a rabbit in a meadow; strongly deformed cute anatomy; balanced composition with a few habitat elements; medium-weight clean outlines; clean digital illustration; readable shapes with crisp edges; even lighting with soft shading and almost no cast shadow
0374,512483701184721,314844664765862,close-up detail view of a camping trailer in a garage; simplified graphic mechanical forms; balanced composition with a few contextual elements; variable-width pen lines; editorial digital illustration; readable shapes with crisp edges; flat lighting with very gentle shading
0375,220031700066823,323544052583697,organic cell shapes; banded horizontal composition; soft hand-drawn geometry; dense arrangement with many repeated forms; bold outer contours with simple inner lines; anime-inspired digital illustration; readable shapes with crisp edges; low-contrast lighting with soft shading and minimal shadow
0376,774106658140925,208977106428255,three-quarter perspective view of a rice terrace; soft overcast weather; simplified graphic forms; minimal composition with broad open space; variable-width pen lines; anime-inspired digital illustration; well-separated forms and clean outlines; flat lighting with very gentle shading
0377,649346112111833,305529841035669,candid walking pose of a school student in a cafe interior; slightly turning the body; semi-realistic proportions; balanced composition with a few supporting elements; variable-width pen lines; clean digital illustration; clear contour lines and readable silhouettes; even lighting with soft shading and almost no cast shadow
0378,717468716610897,638898995028487,running pose of a shiba inu in a quiet room; stylized anatomy; minimal composition with a clear silhouette; precise technical contour lines; anime-inspired digital illustration; readable shapes with crisp edges; flat lighting with very gentle shading
0379,617978205241381,873458536687268,high-angle casual pose of a manga assistant in a rooftop; mid-action with a small gesture; strongly deformed cute proportions; balanced composition with a few supporting elements; bold outer contours with simple inner lines; vector-like digital illustration; clear contour lines and readable silhouettes; overcast-like even lighting and subtle shadow
0380,646850101727998,720373684063956,long shot with deep background of a marsh boardwalk; clear morning air; simplified graphic forms; minimal composition with broad open space; bold outer contours with simple inner lines; editorial digital illustration; clean contours and simplified shading; overcast-like even lighting and subtle shadow
0381,547578506515827,784766400805070,looking back pose of a butterfly against a plain backdrop; strongly deformed cute anatomy; minimal composition with a clear silhouette; medium-weight clean outlines; stylized digital illustration; clean contours and simplified shading; overcast-like even lighting and subtle shadow
0382,444070290817800,916381851603896,three-quarter front view of a drone on a quiet street; semi-realistic mechanical proportions; minimal composition with a single clear subject; ultra-thin delicate lines; clean digital illustration; clean contours and simplified shading; flat lighting with very gentle shading
0383,583870940210112,968514933443119,low-angle heroic view of a typewriter on a station platform; semi-realistic mechanical proportions; minimal composition with a single clear subject; ultra-thin delicate lines; vector-like digital illustration; well-separated forms and clean outlines; even lighting with soft shading and almost no cast shadow
0384,628365973809837,605302448873076,top-down view of perfume bottles on a bookstore counter; diagonal arrangement across the frame; playful stylization; balanced composition with a few supporting items; medium-weight clean outlines; editorial digital illustration; well-separated forms and clean outlines; soft ambient lighting with restrained shading and minimal contrast
0385,616482951366790,101880915296997,side profile pose of a capybara in a forest path; stylized anatomy; balanced composition with a few habitat elements; rounded cartoon outlines; anime-inspired digital illustration; clean contours and simplified shading; low-contrast lighting with soft shading and minimal shadow
0386,385558259568676,309102573496626,top-down view of fountain pens on a bookstore counter; carefully arranged spread; playful stylization; balanced composition with a few supporting items; medium-weight clean outlines; editorial digital illustration; well-separated forms and clean outlines; overcast-like even lighting and subtle shadow
0387,392617253137484,474725113597586,top-down view of antique keys on a picnic cloth; carefully arranged spread; playful stylization; dense composition with many small details; rounded cartoon outlines; editorial digital illustration; well-separated forms and clean outlines; soft ambient lighting with restrained shading and minimal contrast
0388,512009785129916,739111500702846,seated pose in three-quarter view of a boxer in a plain studio backdrop; holding a relevant tool; semi-realistic proportions; dense composition with layered details; rounded cartoon outlines; storybook digital illustration; clear contour lines and readable silhouettes; flat lighting with very gentle shading
0389,743542657052487,902938042298005,high-angle overlook of a greenhouse path; clear morning air; storybook stylization; minimal composition with broad open space; precise technical contour lines; storybook digital illustration; clean contours and simplified shading; overcast-like even lighting and subtle shadow
0390,794531715670766,588708210334740,low-angle heroic view of a drone at a harbor; semi-realistic mechanical proportions; dense composition with many visible parts and props; rounded cartoon outlines; vector-like digital illustration; clean contours and simplified shading; overcast-like even lighting and subtle shadow
0391,329163753834857,691239811333080,full-body standing pose at eye level of a mountain monk in a greenhouse; looking at the viewer; strongly deformed cute proportions; dense composition with layered details; rounded cartoon outlines; anime-inspired digital illustration; clean contours and simplified shading; flat lighting with very gentle shading
0392,799979662272018,675173352435617,three-quarter perspective view of a forest clearing; soft overcast weather; storybook stylization; dense composition with layered environmental detail; brush-like digital linework with clean edges; storybook digital illustration; clean contours and simplified shading; soft ambient lighting with restrained shading and minimal contrast
0393,613012467361562,515424243480202,high-angle overlook of a rice terrace; soft overcast weather; miniature-like stylization; minimal composition with broad open space; brush-like digital linework with clean edges; editorial digital illustration; readable shapes with crisp edges; soft diffuse lighting with minimal shadow and subtle shading
0394,620787049939198,347559928917725,high-angle casual pose of a hiker in a library aisle; slightly turning the body; semi-realistic proportions; balanced composition with a few supporting elements; bold outer contours with simple inner lines; vector-like digital illustration; clean contours and simplified shading; overcast-like even lighting and subtle shadow
0395,475322173669516,398017581564419,three-quarter perspective view of a medieval alley; post-rain calm; semi-realistic forms; balanced composition with clear foreground middle ground and background; variable-width pen lines; clean digital illustration; well-separated forms and clean outlines; low-contrast lighting with soft shading and minimal shadow
0396,826948513855029,916514365860576,stacked capsules; centered symmetrical layout; playful modular abstraction; sparse arrangement with generous negative space; bold outer contours with simple inner lines; storybook digital illustration; readable shapes with crisp edges; flat lighting with very gentle shading
0397,890720858849239,858360028252914,high-angle casual pose of a manga assistant in a greenhouse; mid-action with a small gesture; semi-realistic proportions; dense composition with layered details; medium-weight clean outlines; comic-influenced digital illustration; clean contours and simplified shading; overcast-like even lighting and subtle shadow
0398,685763302900887,659470835418633,labyrinth grid; centered symmetrical layout; precise vector-like structure; balanced arrangement with moderate repetition; ultra-thin delicate lines; clean digital illustration; clean contours and simplified shading; soft diffuse lighting with minimal shadow and subtle shading
0399,987992961954491,137718940152026,full-body standing pose at eye level of a librarian in a classroom; holding a relevant tool; stylized proportions; minimal composition with wide negative space; variable-width pen lines; clean digital illustration; clear contour lines and readable silhouettes; overcast-like even lighting and subtle shadow
0400,347633046310264,703713143695744,dynamic motion pose of a elderly gardener in a rooftop; looking at the viewer; strongly deformed cute proportions; balanced composition with a few supporting elements; precise technical contour lines; anime-inspired digital illustration; clean contours and simplified shading; flat lighting with very gentle shading
0401,928249514688219,186468842279029,running pose of a horse on a snowy field; semi-realistic anatomy; minimal composition with a clear silhouette; rounded cartoon outlines; anime-inspired digital illustration; clear contour lines and readable silhouettes; low-contrast lighting with soft shading and minimal shadow
0402,702804586459757,628996726487370,low-angle foreground emphasis view of a suburban street; clear morning air; semi-realistic forms; minimal composition with broad open space; precise technical contour lines; storybook digital illustration; clear contour lines and readable silhouettes; low-contrast lighting with soft shading and minimal shadow
0403,373428805039227,269419608581085,side profile portrait of a librarian in a cafe interior; preparing for work; strongly deformed cute proportions; minimal composition with wide negative space; precise technical contour lines; vector-like digital illustration; clean contours and simplified shading; flat lighting with very gentle shading
0404,288973791895633,826354219943460,full-body standing pose at eye level of a cyclist courier in an alleyway; looking at the viewer; semi-realistic proportions; minimal composition with wide negative space; bold outer contours with simple inner lines; clean digital illustration; clean contours and simplified shading; even lighting with soft shading and almost no cast shadow
0405,111837073273277,634054890066239,looking back pose of a raccoon on a snowy field; stylized anatomy; balanced composition with a few habitat elements; ultra-thin delicate lines; comic-influenced digital illustration; clean contours and simplified shading; soft ambient lighting with restrained shading and minimal contrast
0406,368957041081086,439035157576058,gears and cogs; banded horizontal composition; playful modular abstraction; balanced arrangement with moderate repetition; brush-like digital linework with clean edges; storybook digital illustration; clean contours and simplified shading; even lighting with soft shading and almost no cast shadow
0407,455553716348987,491852083291196,front view of a typewriter on a quiet street; semi-realistic mechanical proportions; minimal composition with a single clear subject; precise technical contour lines; clean digital illustration; well-separated forms and clean outlines; flat lighting with very gentle shading
0408,660743801187497,227653008161297,eye-level close view of antique keys on a bookstore counter; overlapping cluster; simplified graphic forms; balanced composition with a few supporting items; variable-width pen lines; clean digital illustration; readable shapes with crisp edges; soft ambient lighting with restrained shading and minimal contrast
0409,444088564198075,303945250796771,eye-level close view of a fruit bowl on a picnic cloth; overlapping cluster; simplified graphic forms; balanced composition with a few supporting items; variable-width pen lines; clean digital illustration; well-separated forms and clean outlines; soft ambient lighting with restrained shading and minimal contrast
0410,401025882068279,176433267867172,sitting pose of a frog in a forest path; stylized anatomy; balanced composition with a few habitat elements; thin crisp linework; storybook digital illustration; clean contours and simplified shading; soft diffuse lighting with minimal shadow and subtle shading
0411,577169256859241,341520883305779,seated pose in three-quarter view of a elderly gardener in a greenhouse; looking at the viewer; stylized proportions; minimal composition with wide negative space; thin crisp linework; anime-inspired digital illustration; clear contour lines and readable silhouettes; soft ambient lighting with restrained shading and minimal contrast
0412,632969739539609,408033825050596,eye-level travel sketch view of a botanical garden walkway; clear morning air; miniature-like stylization; dense composition with layered environmental detail; precise technical contour lines; anime-inspired digital illustration; clear contour lines and readable silhouettes; soft ambient lighting with restrained shading and minimal contrast
0413,108653064773530,309113670088991,crystalline lattice; asymmetrical offset layout; diagrammatic construction; dense arrangement with many repeated forms; bold outer contours with simple inner lines; anime-inspired digital illustration; clean contours and simplified shading; even lighting with soft shading and almost no cast shadow
0414,621987816678322,196225997940034,flowing ribbons; centered symmetrical layout; precise vector-like structure; sparse arrangement with generous negative space; medium-weight clean outlines; clean digital illustration; clean contours and simplified shading; soft diffuse lighting with minimal shadow and subtle shading
0415,444878931671925,590663279144655,running pose of a crane in a meadow; stylized anatomy; minimal composition with a clear silhouette; medium-weight clean outlines; anime-inspired digital illustration; clean contours and simplified shading; soft diffuse lighting with minimal shadow and subtle shading
0416,628898185851770,788116348448181,high-angle overlook of a old shrine approach; light mist; miniature-like stylization; minimal composition with broad open space; medium-weight clean outlines; editorial digital illustration; readable shapes with crisp edges; soft ambient lighting with restrained shading and minimal contrast
0417,856468614341550,403383377574591,running pose of a house cat against a plain backdrop; strongly deformed cute anatomy; minimal composition with a clear silhouette; variable-width pen lines; clean digital illustration; clear contour lines and readable silhouettes; overcast-like even lighting and subtle shadow
0418,862824592804182,414435082708086,eye-level close view of pastries on a tray on a concrete floor; shelf display arrangement; simplified graphic forms; minimal composition with ample breathing room; bold outer contours with simple inner lines; storybook digital illustration; clear contour lines and readable silhouettes; low-contrast lighting with soft shading and minimal shadow
0419,497557956376640,312263968249826,close-up detail view of a sailboat at a harbor; semi-realistic mechanical proportions; minimal composition with a single clear subject; ultra-thin delicate lines; storybook digital illustration; readable shapes with crisp edges; even lighting with soft shading and almost no cast shadow
0420,526666487566055,955412295849065,front-facing pose of a raccoon against a plain backdrop; strongly deformed cute anatomy; minimal composition with a clear silhouette; rounded cartoon outlines; vector-like digital illustration; readable shapes with crisp edges; low-contrast lighting with soft shading and minimal shadow
0421,693041444627502,546548079106410,sleeping pose of a monkey in a quiet room; semi-realistic anatomy; minimal composition with a clear silhouette; thin crisp linework; anime-inspired digital illustration; readable shapes with crisp edges; soft ambient lighting with restrained shading and minimal contrast
0422,806619492660498,763415734683125,top-down view of guitar pedals on a workshop bench; exploded-view arrangement; playful stylization; dense composition with many small details; rounded cartoon outlines; editorial digital illustration; clear contour lines and readable silhouettes; overcast-like even lighting and subtle shadow
0423,521600063865625,723526023888527,low-angle heroic pose of a nurse in a tidy bedroom; resting for a moment; stylized proportions; balanced composition with a few supporting elements; rounded cartoon outlines; vector-like digital illustration; clear contour lines and readable silhouettes; low-contrast lighting with soft shading and minimal shadow
0424,721591869042018,244376529172879,full-body standing pose at eye level of a cyclist courier in a greenhouse; resting for a moment; semi-realistic proportions; balanced composition with a few supporting elements; rounded cartoon outlines; storybook digital illustration; clean contours and simplified shading; low-contrast lighting with soft shading and minimal shadow
0425,422826472344259,514447771685826,looking back pose of a lizard in a garden; semi-realistic anatomy; minimal composition with a clear silhouette; rounded cartoon outlines; vector-like digital illustration; readable shapes with crisp edges; low-contrast lighting with soft shading and minimal shadow
0426,997592828640872,697454032957313,close-up detail view of a delivery van on a station platform; simplified graphic mechanical forms; balanced composition with a few contextual elements; ultra-thin delicate lines; editorial digital illustration; readable shapes with crisp edges; soft ambient lighting with restrained shading and minimal contrast
0427,783199293723478,993220512486906,constellation diagram; diagonal sweeping composition; playful modular abstraction; sparse arrangement with generous negative space; bold outer contours with simple inner lines; storybook digital illustration; clean contours and simplified shading; overcast-like even lighting and subtle shadow
0428,809112055526287,589493538580525,sleeping pose of a alpaca against a plain backdrop; strongly deformed cute anatomy; minimal composition with a clear silhouette; thin crisp linework; anime-inspired digital illustration; readable shapes with crisp edges; soft ambient lighting with restrained shading and minimal contrast
0429,672175691700426,964858021881753,eye-level travel sketch view of a volcanic ridge; light mist; miniature-like stylization; dense composition with layered environmental detail; bold outer contours with simple inner lines; anime-inspired digital illustration; readable shapes with crisp edges; flat lighting with very gentle shading
0430,335663433768383,310490376213771,high-angle casual pose of a field scientist in a cafe interior; mid-action with a small gesture; semi-realistic proportions; minimal composition with wide negative space; medium-weight clean outlines; stylized digital illustration; clear contour lines and readable silhouettes; even lighting with soft shading and almost no cast shadow
0431,716169463807224,871020252554321,eye-level travel sketch view of a canal town; light mist; semi-realistic forms; dense composition with layered environmental detail; medium-weight clean outlines; storybook digital illustration; readable shapes with crisp edges; even lighting with soft shading and almost no cast shadow
0432,104998955620492,538910641244389,straight-on shelf view of fountain pens on a window sill; overlapping cluster; diagram-like simplification; balanced composition with a few supporting items; thin crisp linework; clean digital illustration; clear contour lines and readable silhouettes; soft ambient lighting with restrained shading and minimal contrast
0433,845877136438502,707410515361862,seated pose in three-quarter view of a boxer in a classroom; holding a relevant tool; semi-realistic proportions; minimal composition with wide negative space; medium-weight clean outlines; anime-inspired digital illustration; clean contours and simplified shading; soft diffuse lighting with minimal shadow and subtle shading
0434,825797570011468,708968069966736,full-body standing pose at eye level of a manga assistant in a library aisle; resting for a moment; strongly deformed cute proportions; minimal composition with wide negative space; rounded cartoon outlines; clean digital illustration; readable shapes with crisp edges; low-contrast lighting with soft shading and minimal shadow
0435,678122924339483,275659006763456,three-quarter front view of a fishing boat on a quiet street; playful cartoon engineering; balanced composition with a few contextual elements; precise technical contour lines; storybook digital illustration; well-separated forms and clean outlines; flat lighting with very gentle shading
0436,647037413908789,369223342998667,three-quarter perspective view of a marsh boardwalk; clear morning air; miniature-like stylization; dense composition with layered environmental detail; medium-weight clean outlines; editorial digital illustration; readable shapes with crisp edges; low-contrast lighting with soft shading and minimal shadow
0437,590749728533999,485970309670027,high-angle casual pose of a stage magician in a riverside promenade; slightly turning the body; strongly deformed cute proportions; dense composition with layered details; variable-width pen lines; comic-influenced digital illustration; clear contour lines and readable silhouettes; even lighting with soft shading and almost no cast shadow
0438,926872572531705,436775212834321,eye-level travel sketch view of a rice terrace; light mist; simplified graphic forms; dense composition with layered environmental detail; ultra-thin delicate lines; editorial digital illustration; clear contour lines and readable silhouettes; even lighting with soft shading and almost no cast shadow
0439,777356765965954,561104908134866,nested triangles; radial composition; diagrammatic construction; balanced arrangement with moderate repetition; precise technical contour lines; anime-inspired digital illustration; well-separated forms and clean outlines; overcast-like even lighting and subtle shadow
0440,464978774369591,865208169757334,playful motion pose of a house cat in a meadow; strongly deformed cute anatomy; minimal composition with a clear silhouette; precise technical contour lines; stylized digital illustration; clear contour lines and readable silhouettes; flat lighting with very gentle shading
0441,329859137800840,769378581589893,low-angle heroic pose of a motor mechanic in a riverside promenade; holding a relevant tool; semi-realistic proportions; dense composition with layered details; variable-width pen lines; comic-influenced digital illustration; clean contours and simplified shading; even lighting with soft shading and almost no cast shadow
0442,462783024203133,636941030163719,front view of a steam locomotive in an open field; retro-futuristic stylization; dense composition with many visible parts and props; rounded cartoon outlines; editorial digital illustration; readable shapes with crisp edges; soft ambient lighting with restrained shading and minimal contrast
0443,909321238547271,299672419770708,straight-on shelf view of a stationery set on a concrete floor; diagonal arrangement across the frame; simplified graphic forms; minimal composition with ample breathing room; medium-weight clean outlines; editorial digital illustration; readable shapes with crisp edges; flat lighting with very gentle shading
0444,965997000879459,558748031154833,checker wave; diagonal sweeping composition; precise vector-like structure; balanced arrangement with moderate repetition; ultra-thin delicate lines; clean digital illustration; clear contour lines and readable silhouettes; flat lighting with very gentle shading
0445,722729015729439,787390412640017,close-up detail view of a camera drone at a harbor; simplified graphic mechanical forms; balanced composition with a few contextual elements; ultra-thin delicate lines; editorial digital illustration; well-separated forms and clean outlines; flat lighting with very gentle shading
0446,821288552936071,911741587091347,straight-on shelf view of sneakers on a wooden desk; overlapping cluster; diagram-like simplification; dense composition with many small details; brush-like digital linework with clean edges; storybook digital illustration; readable shapes with crisp edges; soft diffuse lighting with minimal shadow and subtle shading
0447,230548614403790,103788342185090,front-facing pose of a rabbit in a quiet room; stylized anatomy; balanced composition with a few habitat elements; medium-weight clean outlines; vector-like digital illustration; readable shapes with crisp edges; even lighting with soft shading and almost no cast shadow
0448,707746364982374,116796938886044,standing pose of a panda in a quiet room; stylized anatomy; minimal composition with a clear silhouette; rounded cartoon outlines; clean digital illustration; readable shapes with crisp edges; low-contrast lighting with soft shading and minimal shadow
0449,257893021226151,989931038853263,top-down view of a coffee grinder on a quiet street; playful cartoon engineering; minimal composition with a single clear subject; medium-weight clean outlines; storybook digital illustration; well-separated forms and clean outlines; even lighting with soft shading and almost no cast shadow
0450,927718062448250,569606630326455,playful motion pose of a deer in a forest path; semi-realistic anatomy; minimal composition with a clear silhouette; thin crisp linework; stylized digital illustration; readable shapes with crisp edges; soft ambient lighting with restrained shading and minimal contrast
0451,880249204260240,565540956050175,circuit-like pattern; vertical poster composition; playful modular abstraction; balanced arrangement with moderate repetition; variable-width pen lines; clean digital illustration; readable shapes with crisp edges; even lighting with soft shading and almost no cast shadow
0452,704177719486323,696618561673373,sleeping pose of a goat beside a pond; stylized anatomy; minimal composition with a clear silhouette; ultra-thin delicate lines; anime-inspired digital illustration; clear contour lines and readable silhouettes; soft diffuse lighting with minimal shadow and subtle shading
0453,666236791715998,865278323360175,spiral staircase abstraction; asymmetrical offset layout; precise vector-like structure; dense arrangement with many repeated forms; medium-weight clean outlines; storybook digital illustration; clear contour lines and readable silhouettes; soft ambient lighting with restrained shading and minimal contrast
0454,263529910280712,975611552921815,high-angle casual pose of a stage magician in a plain studio backdrop; looking away thoughtfully; stylized proportions; minimal composition with wide negative space; thin crisp linework; stylized digital illustration; clean contours and simplified shading; soft ambient lighting with restrained shading and minimal contrast
0455,459290592624165,520885104598194,eye-level travel sketch view of a suburban street; thin cloud cover; semi-realistic forms; balanced composition with clear foreground middle ground and background; bold outer contours with simple inner lines; storybook digital illustration; readable shapes with crisp edges; even lighting with soft shading and almost no cast shadow
0456,753861823205459,611041056402050,top-down view of a city bicycle in an open field; semi-realistic mechanical proportions; minimal composition with a single clear subject; precise technical contour lines; clean digital illustration; clear contour lines and readable silhouettes; soft ambient lighting with restrained shading and minimal contrast
0457,494900858350048,297004222695111,three-quarter perspective view of a suburban street; clear morning air; miniature-like stylization; dense composition with layered environmental detail; medium-weight clean outlines; editorial digital illustration; clear contour lines and readable silhouettes; soft diffuse lighting with minimal shadow and subtle shading
0458,291100242901786,633781579491571,mosaic tiles; radial composition; diagrammatic construction; sparse arrangement with generous negative space; variable-width pen lines; anime-inspired digital illustration; clear contour lines and readable silhouettes; flat lighting with very gentle shading
0459,461381408184532,121788865098472,long shot with deep background of a salt flat; clear morning air; miniature-like stylization; minimal composition with broad open space; ultra-thin delicate lines; anime-inspired digital illustration; clean contours and simplified shading; soft ambient lighting with restrained shading and minimal contrast
0460,502285474395611,538202357449217,bubbles and rings; diagonal sweeping composition; playful modular abstraction; sparse arrangement with generous negative space; bold outer contours with simple inner lines; storybook digital illustration; readable shapes with crisp edges; flat lighting with very gentle shading
0461,200701163426322,331886572551194,eye-level close view of potted herbs on a workshop bench; overlapping cluster; simplified graphic forms; minimal composition with ample breathing room; bold outer contours with simple inner lines; storybook digital illustration; readable shapes with crisp edges; even lighting with soft shading and almost no cast shadow
0462,356126441147394,960219264774895,looking back pose of a red fox beside a pond; strongly deformed cute anatomy; balanced composition with a few habitat elements; ultra-thin delicate lines; comic-influenced digital illustration; readable shapes with crisp edges; soft ambient lighting with restrained shading and minimal contrast
0463,565002542734535,138248061894210,straight-on shelf view of sunglasses on a picnic cloth; carefully arranged spread; simplified graphic forms; minimal composition with ample breathing room; medium-weight clean outlines; editorial digital illustration; clear contour lines and readable silhouettes; soft ambient lighting with restrained shading and minimal contrast
0464,202234393083419,331404809621450,low-angle foreground emphasis view of a canal town; clear morning air; miniature-like stylization; dense composition with layered environmental detail; precise technical contour lines; anime-inspired digital illustration; well-separated forms and clean outlines; overcast-like even lighting and subtle shadow
0465,494636130063111,310714106807418,running pose of a deer in a garden; semi-realistic anatomy; balanced composition with a few habitat elements; thin crisp linework; clean digital illustration; readable shapes with crisp edges; soft ambient lighting with restrained shading and minimal contrast
0466,570954372941963,388514304188223,candid walking pose of a manga assistant in a plain studio backdrop; preparing for work; stylized proportions; minimal composition with wide negative space; medium-weight clean outlines; anime-inspired digital illustration; clean contours and simplified shading; even lighting with soft shading and almost no cast shadow
0467,206080231942463,861255910465032,dynamic motion pose of a motor mechanic in a plain studio backdrop; captured in a candid pause; stylized proportions; minimal composition with wide negative space; ultra-thin delicate lines; storybook digital illustration; clean contours and simplified shading; soft diffuse lighting with minimal shadow and subtle shading
0468,842391293355917,116279903680808,three-quarter tabletop view of a fruit bowl on a tatami mat; exploded-view arrangement; observational proportions; minimal composition with ample breathing room; medium-weight clean outlines; editorial digital illustration; clear contour lines and readable silhouettes; overcast-like even lighting and subtle shadow
0469,585083105662209,850157409639272,rotating diamonds; centered symmetrical layout; playful modular abstraction; sparse arrangement with generous negative space; thin crisp linework; storybook digital illustration; clean contours and simplified shading; low-contrast lighting with soft shading and minimal shadow
0470,821018701251631,994249336842195,dynamic motion pose of a chef in a riverside promenade; holding a relevant tool; stylized proportions; balanced composition with a few supporting elements; ultra-thin delicate lines; anime-inspired digital illustration; clean contours and simplified shading; soft diffuse lighting with minimal shadow and subtle shading
0471,150939799886270,358684862601009,mosaic tiles; centered symmetrical layout; diagrammatic construction; sparse arrangement with generous negative space; brush-like digital linework with clean edges; editorial digital illustration; readable shapes with crisp edges; low-contrast lighting with soft shading and minimal shadow
0472,111879653455442,308697367625182,dynamic motion pose of a librarian in a plain studio backdrop; resting for a moment; semi-realistic proportions; dense composition with layered details; bold outer contours with simple inner lines; clean digital illustration; readable shapes with crisp edges; overcast-like even lighting and subtle shadow
0473,226363229256411,248326903951256,front-facing pose of a red fox in a forest path; stylized anatomy; balanced composition with a few habitat elements; variable-width pen lines; vector-like digital illustration; clean contours and simplified shading; overcast-like even lighting and subtle shadow
0474,353169068311652,118648913378028,three-quarter perspective view of a tram street; post-rain calm; miniature-like stylization; balanced composition with clear foreground middle ground and background; rounded cartoon outlines; editorial digital illustration; well-separated forms and clean outlines; soft ambient lighting with restrained shading and minimal contrast
0475,136815197006899,846908202066327,eye-level close view of a fruit bowl on a tatami mat; exploded-view arrangement; diagram-like simplification; balanced composition with a few supporting items; variable-width pen lines; editorial digital illustration; clear contour lines and readable silhouettes; overcast-like even lighting and subtle shadow
0476,920933894820011,690435667143722,high-angle casual pose of a festival drummer in a classroom; looking away thoughtfully; stylized proportions; minimal composition with wide negative space; thin crisp linework; stylized digital illustration; clean contours and simplified shading; soft ambient lighting with restrained shading and minimal contrast
0477,906305037444715,976479871216557,mosaic tiles; asymmetrical offset layout; precise vector-like structure; balanced arrangement with moderate repetition; brush-like digital linework with clean edges; storybook digital illustration; clear contour lines and readable silhouettes; even lighting with soft shading and almost no cast shadow
0478,129845815068426,632627123433731,three-quarter perspective view of a waterfall basin; clear morning air; miniature-like stylization; minimal composition with broad open space; bold outer contours with simple inner lines; editorial digital illustration; clean contours and simplified shading; even lighting with soft shading and almost no cast shadow
0479,341227490779718,223148317014136,side profile portrait of a motor mechanic in an alleyway; looking away thoughtfully; strongly deformed cute proportions; minimal composition with wide negative space; bold outer contours with simple inner lines; vector-like digital illustration; clear contour lines and readable silhouettes; even lighting with soft shading and almost no cast shadow
0480,687313516383224,642679492387297,three-quarter front view of a sewing machine at a depot; simplified graphic mechanical forms; minimal composition with a single clear subject; precise technical contour lines; anime-inspired digital illustration; well-separated forms and clean outlines; soft ambient lighting with restrained shading and minimal contrast
0481,436725744594664,252224913426401,low-angle heroic view of a tram inside a workshop; semi-realistic mechanical proportions; minimal composition with a single clear subject; ultra-thin delicate lines; vector-like digital illustration; readable shapes with crisp edges; flat lighting with very gentle shading
0482,252715233471732,319120299091244,low-angle heroic pose of a beekeeper in a train platform; holding a relevant tool; semi-realistic proportions; minimal composition with wide negative space; rounded cartoon outlines; stylized digital illustration; clear contour lines and readable silhouettes; low-contrast lighting with soft shading and minimal shadow
0483,913156923661403,190115912070699,high-angle casual pose of a florist in a cafe interior; slightly turning the body; strongly deformed cute proportions; minimal composition with wide negative space; bold outer contours with simple inner lines; stylized digital illustration; readable shapes with crisp edges; even lighting with soft shading and almost no cast shadow
0484,781319458594325,184147025235137,three-quarter tabletop view of perfume bottles on a workshop bench; shelf display arrangement; playful stylization; minimal composition with ample breathing room; precise technical contour lines; clean digital illustration; clean contours and simplified shading; soft diffuse lighting with minimal shadow and subtle shading
0485,450266790089551,787206823686771,candid walking pose of a train conductor in a greenhouse; slightly turning the body; semi-realistic proportions; minimal composition with wide negative space; medium-weight clean outlines; anime-inspired digital illustration; clean contours and simplified shading; even lighting with soft shading and almost no cast shadow
0486,981503677109752,699099874001055,eye-level close view of hand tools on a workshop bench; shelf display arrangement; simplified graphic forms; balanced composition with a few supporting items; variable-width pen lines; clean digital illustration; well-separated forms and clean outlines; soft ambient lighting with restrained shading and minimal contrast
0487,925081045524241,111741176761517,high-angle casual pose of a festival drummer in an alleyway; slightly turning the body; semi-realistic proportions; balanced composition with a few supporting elements; medium-weight clean outlines; vector-like digital illustration; clean contours and simplified shading; soft ambient lighting with restrained shading and minimal contrast
0488,957186545208306,863620680951016,sleeping pose of a shiba inu on a snowy field; strongly deformed cute anatomy; dense composition with layered habitat detail; bold outer contours with simple inner lines; storybook digital illustration; clear contour lines and readable silhouettes; low-contrast lighting with soft shading and minimal shadow
0489,332358591953903,749538656956183,three-quarter perspective view of a greenhouse path; clear morning air; miniature-like stylization; minimal composition with broad open space; bold outer contours with simple inner lines; editorial digital illustration; clear contour lines and readable silhouettes; overcast-like even lighting and subtle shadow
0490,306315520039232,750066571564494,three-quarter tabletop view of a tea ceremony set on a concrete floor; diagonal arrangement across the frame; observational proportions; minimal composition with ample breathing room; medium-weight clean outlines; editorial digital illustration; well-separated forms and clean outlines; overcast-like even lighting and subtle shadow
0491,443020793293826,141893689701015,high-angle casual pose of a festival drummer in a riverside promenade; slightly turning the body; strongly deformed cute proportions; balanced composition with a few supporting elements; ultra-thin delicate lines; vector-like digital illustration; clear contour lines and readable silhouettes; soft ambient lighting with restrained shading and minimal contrast
0492,404275048978083,775470142763326,eye-level travel sketch view of a snowy village; thin cloud cover; storybook stylization; balanced composition with clear foreground middle ground and background; ultra-thin delicate lines; clean digital illustration; well-separated forms and clean outlines; even lighting with soft shading and almost no cast shadow
0493,181652968387230,443347561326961,side profile portrait of a train conductor in a cafe interior; mid-action with a small gesture; stylized proportions; balanced composition with a few supporting elements; precise technical contour lines; comic-influenced digital illustration; readable shapes with crisp edges; low-contrast lighting with soft shading and minimal shadow
0494,379588650900436,736470459421100,playful motion pose of a frog near a wooden fence; strongly deformed cute anatomy; dense composition with layered habitat detail; thin crisp linework; comic-influenced digital illustration; clean contours and simplified shading; soft diffuse lighting with minimal shadow and subtle shading
0495,234313847901307,262411833122340,eye-level close view of a chess set on a kitchen counter; overlapping cluster; simplified graphic forms; dense composition with many small details; thin crisp linework; storybook digital illustration; clear contour lines and readable silhouettes; flat lighting with very gentle shading
0496,129704208824271,956963452925797,eye-level close view of a tea ceremony set on a window sill; overlapping cluster; simplified graphic forms; minimal composition with ample breathing room; ultra-thin delicate lines; clean digital illustration; readable shapes with crisp edges; overcast-like even lighting and subtle shadow
0497,750799350459926,900579632331400,front view of a drone in a garage; retro-futuristic stylization; minimal composition with a single clear subject; bold outer contours with simple inner lines; anime-inspired digital illustration; clean contours and simplified shading; soft ambient lighting with restrained shading and minimal contrast
0498,375317947776632,193561661469856,three-quarter tabletop view of paint tubes on a studio shelf; exploded-view arrangement; observational proportions; balanced composition with a few supporting items; bold outer contours with simple inner lines; editorial digital illustration; readable shapes with crisp edges; soft ambient lighting with restrained shading and minimal contrast
0499,411973233729977,423013697236826,side elevation view of a tram in a garage; semi-realistic mechanical proportions; dense composition with many visible parts and props; thin crisp linework; storybook digital illustration; clean contours and simplified shading; low-contrast lighting with soft shading and minimal shadow
0500,157030179426091,105609959141740,playful motion pose of a lion near a wooden fence; strongly deformed cute anatomy; minimal composition with a clear silhouette; precise technical contour lines; stylized digital illustration; clear contour lines and readable silhouettes; flat lighting with very gentle shading
0501,328140308533507,658051555115568,side elevation view of a arcade cabinet at a harbor; playful cartoon engineering; balanced composition with a few contextual elements; variable-width pen lines; clean digital illustration; readable shapes with crisp edges; soft ambient lighting with restrained shading and minimal contrast
0502,336030542486111,902260753892406,looking back pose of a lizard in a meadow; strongly deformed cute anatomy; dense composition with layered habitat detail; bold outer contours with simple inner lines; stylized digital illustration; clean contours and simplified shading; low-contrast lighting with soft shading and minimal shadow
0503,993597701054844,437466801392954,low-angle heroic pose of a field scientist in an alleyway; captured in a candid pause; semi-realistic proportions; balanced composition with a few supporting elements; ultra-thin delicate lines; vector-like digital illustration; clear contour lines and readable silhouettes; soft diffuse lighting with minimal shadow and subtle shading
0504,111862063331497,252814508144219,top-down view of a delivery van on a quiet street; playful cartoon engineering; minimal composition with a single clear subject; medium-weight clean outlines; storybook digital illustration; well-separated forms and clean outlines; even lighting with soft shading and almost no cast shadow
0505,631154253433613,543775986586363,full-body standing pose at eye level of a office worker in a tidy bedroom; captured in a candid pause; stylized proportions; minimal composition with wide negative space; precise technical contour lines; clean digital illustration; clean contours and simplified shading; flat lighting with very gentle shading
0506,262591374882039,815385949014396,close-up detail view of a typewriter against a clean backdrop; playful cartoon engineering; minimal composition with a single clear subject; rounded cartoon outlines; storybook digital illustration; clear contour lines and readable silhouettes; even lighting with soft shading and almost no cast shadow
0507,464017750007131,232427356288438,wide panoramic view of a riverside bridge; post-rain calm; miniature-like stylization; balanced composition with clear foreground middle ground and background; rounded cartoon outlines; editorial digital illustration; well-separated forms and clean outlines; soft diffuse lighting with minimal shadow and subtle shading
0508,904399801101143,869169974664958,top-down view of a sailboat inside a workshop; simplified graphic mechanical forms; dense composition with many visible parts and props; rounded cartoon outlines; editorial digital illustration; clean contours and simplified shading; even lighting with soft shading and almost no cast shadow
0509,493249999069190,673981453090845,straight-on shelf view of a vintage camera on a white tabletop; overlapping cluster; diagram-like simplification; dense composition with many small details; variable-width pen lines; clean digital illustration; clean contours and simplified shading; soft ambient lighting with restrained shading and minimal contrast
0510,752013171684405,144844914046690,three-quarter tabletop view of seashells on a studio shelf; single centered arrangement; playful stylization; minimal composition with ample breathing room; variable-width pen lines; clean digital illustration; well-separated forms and clean outlines; soft ambient lighting with restrained shading and minimal contrast
0511,817735843059067,790188064731088,fractal branches; repeating all-over pattern; playful modular abstraction; dense arrangement with many repeated forms; medium-weight clean outlines; storybook digital illustration; clear contour lines and readable silhouettes; soft diffuse lighting with minimal shadow and subtle shading
0512,397290698986581,787183768886084,constellation diagram; centered symmetrical layout; soft hand-drawn geometry; sparse arrangement with generous negative space; ultra-thin delicate lines; anime-inspired digital illustration; readable shapes with crisp edges; flat lighting with very gentle shading
0513,243965719784456,163731584576726,candid walking pose of a manga assistant in a classroom; mid-action with a small gesture; semi-realistic proportions; dense composition with layered details; medium-weight clean outlines; storybook digital illustration; clean contours and simplified shading; overcast-like even lighting and subtle shadow
0514,296632301271013,628359332486563,long shot with deep background of a greenhouse path; light mist; semi-realistic forms; minimal composition with broad open space; bold outer contours with simple inner lines; storybook digital illustration; well-separated forms and clean outlines; flat lighting with very gentle shading
0515,479251039407896,912931858602285,full-body standing pose at eye level of a mountain monk in a train platform; resting for a moment; semi-realistic proportions; minimal composition with wide negative space; medium-weight clean outlines; clean digital illustration; readable shapes with crisp edges; soft diffuse lighting with minimal shadow and subtle shading
0516,735490408450199,890161425656058,low-angle heroic pose of a mountain monk in a train platform; holding a relevant tool; semi-realistic proportions; minimal composition with wide negative space; bold outer contours with simple inner lines; stylized digital illustration; readable shapes with crisp edges; even lighting with soft shading and almost no cast shadow
0517,389894320267701,304527528094659,low-angle foreground emphasis view of a botanical garden walkway; clear morning air; semi-realistic forms; minimal composition with broad open space; precise technical contour lines; storybook digital illustration; well-separated forms and clean outlines; soft ambient lighting with restrained shading and minimal contrast
0518,705361067933956,964756822346122,long shot with deep background of a volcanic ridge; clear morning air; miniature-like stylization; minimal composition with broad open space; ultra-thin delicate lines; anime-inspired digital illustration; readable shapes with crisp edges; low-contrast lighting with soft shading and minimal shadow
0519,678183407816605,839416209385763,bubbles and rings; repeating all-over pattern; playful modular abstraction; dense arrangement with many repeated forms; brush-like digital linework with clean edges; storybook digital illustration; readable shapes with crisp edges; low-contrast lighting with soft shading and minimal shadow
0520,434943830121326,921558784667852,looking back pose of a raccoon in tall grass; stylized anatomy; minimal composition with a clear silhouette; rounded cartoon outlines; vector-like digital illustration; clean contours and simplified shading; low-contrast lighting with soft shading and minimal shadow
0521,195769951566828,613819825035559,straight-on shelf view of a desk fan on a wooden desk; exploded-view arrangement; simplified graphic forms; balanced composition with a few supporting items; rounded cartoon outlines; editorial digital illustration; clean contours and simplified shading; low-contrast lighting with soft shading and minimal shadow
0522,373048363822378,127708227328103,dynamic motion pose of a dancer in a classroom; captured in a candid pause; stylized proportions; minimal composition with wide negative space; medium-weight clean outlines; storybook digital illustration; clean contours and simplified shading; soft diffuse lighting with minimal shadow and subtle shading
0523,662443847251281,976650042130511,front view of a sewing machine inside a workshop; playful cartoon engineering; minimal composition with a single clear subject; precise technical contour lines; clean digital illustration; well-separated forms and clean outlines; soft diffuse lighting with minimal shadow and subtle shading
0524,600253984136063,249813497231596,full-body standing pose at eye level of a office worker in a greenhouse; looking at the viewer; strongly deformed cute proportions; dense composition with layered details; precise technical contour lines; anime-inspired digital illustration; clear contour lines and readable silhouettes; low-contrast lighting with soft shading and minimal shadow
0525,228594858746374,257194525368955,low-angle heroic pose of a street photographer in a train platform; captured in a candid pause; strongly deformed cute proportions; balanced composition with a few supporting elements; precise technical contour lines; vector-like digital illustration; readable shapes with crisp edges; flat lighting with very gentle shading
0526,359194961435538,369249710165705,standing pose of a penguin in a forest path; semi-realistic anatomy; balanced composition with a few habitat elements; precise technical contour lines; storybook digital illustration; clear contour lines and readable silhouettes; flat lighting with very gentle shading
0527,181925242641668,985000912967264,sleeping pose of a panda against a plain backdrop; strongly deformed cute anatomy; minimal composition with a clear silhouette; precise technical contour lines; anime-inspired digital illustration; clean contours and simplified shading; flat lighting with very gentle shading
0528,425343592133619,308381094638430,side profile pose of a crane in a forest path; stylized anatomy; minimal composition with a clear silhouette; thin crisp linework; storybook digital illustration; clean contours and simplified shading; soft ambient lighting with restrained shading and minimal contrast
0529,790344830692296,605899467202705,radial petals; banded horizontal composition; playful modular abstraction; sparse arrangement with generous negative space; precise technical contour lines; storybook digital illustration; readable shapes with crisp edges; flat lighting with very gentle shading
0530,211633536684294,285821742579133,sitting pose of a hedgehog in tall grass; semi-realistic anatomy; balanced composition with a few habitat elements; precise technical contour lines; storybook digital illustration; clean contours and simplified shading; low-contrast lighting with soft shading and minimal shadow
0531,300220789774860,114020995386935,low-angle heroic view of a drone in an open field; retro-futuristic stylization; balanced composition with a few contextual elements; thin crisp linework; game-art style digital illustration; clean contours and simplified shading; overcast-like even lighting and subtle shadow
0532,643043566483145,528427403497100,wide panoramic view of a rooftop skyline; clear morning air; storybook stylization; minimal composition with broad open space; precise technical contour lines; storybook digital illustration; clear contour lines and readable silhouettes; even lighting with soft shading and almost no cast shadow
0533,215080209772984,377790047326887,side elevation view of a robot vacuum inside a workshop; semi-realistic mechanical proportions; minimal composition with a single clear subject; bold outer contours with simple inner lines; storybook digital illustration; readable shapes with crisp edges; even lighting with soft shading and almost no cast shadow
0534,310988196111298,412509265593870,low-angle heroic pose of a manga assistant in an alleyway; captured in a candid pause; semi-realistic proportions; balanced composition with a few supporting elements; ultra-thin delicate lines; vector-like digital illustration; clean contours and simplified shading; soft diffuse lighting with minimal shadow and subtle shading
0535,958232153543308,671411693631901,full-body standing pose at eye level of a detective in a classroom; looking at the viewer; semi-realistic proportions; balanced composition with a few supporting elements; variable-width pen lines; storybook digital illustration; clean contours and simplified shading; overcast-like even lighting and subtle shadow
0536,161727986391218,354969172747965,modular stair steps; diagonal sweeping composition; playful modular abstraction; balanced arrangement with moderate repetition; thin crisp linework; storybook digital illustration; well-separated forms and clean outlines; soft ambient lighting with restrained shading and minimal contrast
0537,286554238261822,598098046575815,waist-up portrait of a train conductor in a plain studio backdrop; looking away thoughtfully; semi-realistic proportions; minimal composition with wide negative space; precise technical contour lines; clean digital illustration; clear contour lines and readable silhouettes; flat lighting with very gentle shading
0538,443472547704594,679847148296534,three-quarter tabletop view of fountain pens on a kitchen counter; shelf display arrangement; playful stylization; minimal composition with ample breathing room; precise technical contour lines; clean digital illustration; well-separated forms and clean outlines; low-contrast lighting with soft shading and minimal shadow
0539,173928353789808,201774889214024,straight-on shelf view of plush toys on a bookstore counter; carefully arranged spread; simplified graphic forms; dense composition with many small details; brush-like digital linework with clean edges; editorial digital illustration; clean contours and simplified shading; flat lighting with very gentle shading
0540,266344119009584,179682302551709,top-down view of guitar pedals on a kitchen counter; exploded-view arrangement; playful stylization; minimal composition with ample breathing room; ultra-thin delicate lines; editorial digital illustration; readable shapes with crisp edges; flat lighting with very gentle shading
0541,339118453535238,548994164571237,side profile portrait of a kimono tailor in a library aisle; looking away thoughtfully; strongly deformed cute proportions; minimal composition with wide negative space; rounded cartoon outlines; vector-like digital illustration; clear contour lines and readable silhouettes; low-contrast lighting with soft shading and minimal shadow
0542,515678987385449,105992613267560,low-angle heroic pose of a mountain monk in a riverside promenade; holding a relevant tool; semi-realistic proportions; dense composition with layered details; bold outer contours with simple inner lines; comic-influenced digital illustration; clear contour lines and readable silhouettes; overcast-like even lighting and subtle shadow
0543,659455647613871,344227484239692,side profile pose of a house cat in a meadow; stylized anatomy; minimal composition with a clear silhouette; medium-weight clean outlines; storybook digital illustration; readable shapes with crisp edges; soft diffuse lighting with minimal shadow and subtle shading
0544,640061581909573,829676434361285,eye-level close view of a desk fan on a white tabletop; overlapping cluster; simplified graphic forms; balanced composition with a few supporting items; variable-width pen lines; clean digital illustration; clean contours and simplified shading; soft diffuse lighting with minimal shadow and subtle shading
0545,654935716781847,310272655440131,three-quarter front view of a camera drone in a garage; retro-futuristic stylization; dense composition with many visible parts and props; variable-width pen lines; anime-inspired digital illustration; readable shapes with crisp edges; low-contrast lighting with soft shading and minimal shadow
0546,434688011522343,891894474078002,dynamic motion pose of a elderly gardener in a train platform; resting for a moment; strongly deformed cute proportions; dense composition with layered details; thin crisp linework; clean digital illustration; clean contours and simplified shading; soft diffuse lighting with minimal shadow and subtle shading
0547,476779716868203,378632945875175,straight-on shelf view of potted herbs on a concrete floor; shelf display arrangement; diagram-like simplification; dense composition with many small details; brush-like digital linework with clean edges; storybook digital illustration; well-separated forms and clean outlines; low-contrast lighting with soft shading and minimal shadow
0548,784959867535881,935050111804412,sitting pose of a rabbit beside a pond; stylized anatomy; dense composition with layered habitat detail; bold outer contours with simple inner lines; anime-inspired digital illustration; clean contours and simplified shading; low-contrast lighting with soft shading and minimal shadow
0549,455188836309435,520727048905236,full-body standing pose at eye level of a chef in a library aisle; looking at the viewer; semi-realistic proportions; dense composition with layered details; bold outer contours with simple inner lines; anime-inspired digital illustration; readable shapes with crisp edges; overcast-like even lighting and subtle shadow
0550,921763345896421,272803587287954,front view of a tractor inside a workshop; playful cartoon engineering; balanced composition with a few contextual elements; ultra-thin delicate lines; clean digital illustration; readable shapes with crisp edges; low-contrast lighting with soft shading and minimal shadow
0551,516405566708459,664405098316079,side profile pose of a horse on a snowy field; strongly deformed cute anatomy; balanced composition with a few habitat elements; rounded cartoon outlines; clean digital illustration; readable shapes with crisp edges; flat lighting with very gentle shading
0552,585064613192548,905481080659933,sleeping pose of a monkey near a wooden fence; semi-realistic anatomy; balanced composition with a few habitat elements; ultra-thin delicate lines; clean digital illustration; clear contour lines and readable silhouettes; soft ambient lighting with restrained shading and minimal contrast
0553,389161705983419,977469027138401,side elevation view of a bulldozer in a garage; retro-futuristic stylization; minimal composition with a single clear subject; precise technical contour lines; anime-inspired digital illustration; well-separated forms and clean outlines; soft diffuse lighting with minimal shadow and subtle shading
0554,161004943777308,506559099660292,three-quarter tabletop view of lab glassware on a workshop bench; shelf display arrangement; playful stylization; minimal composition with ample breathing room; precise technical contour lines; clean digital illustration; clear contour lines and readable silhouettes; soft ambient lighting with restrained shading and minimal contrast
0555,120770681981940,290237528578093,three-quarter front view of a streetcar at a depot; playful cartoon engineering; minimal composition with a single clear subject; bold outer contours with simple inner lines; storybook digital illustration; clear contour lines and readable silhouettes; overcast-like even lighting and subtle shadow
0556,113422088528097,246142206676081,checker wave; asymmetrical offset layout; soft hand-drawn geometry; sparse arrangement with generous negative space; bold outer contours with simple inner lines; editorial digital illustration; readable shapes with crisp edges; even lighting with soft shading and almost no cast shadow
0557,422149941848679,757543110778750,radial petals; repeating all-over pattern; soft hand-drawn geometry; balanced arrangement with moderate repetition; thin crisp linework; anime-inspired digital illustration; clear contour lines and readable silhouettes; soft ambient lighting with restrained shading and minimal contrast
0558,870914555312304,111892407880702,three-quarter tabletop view of hand tools on a studio shelf; exploded-view arrangement; observational proportions; balanced composition with a few supporting items; bold outer contours with simple inner lines; editorial digital illustration; well-separated forms and clean outlines; flat lighting with very gentle shading
0559,355269680759592,596734231614272,eye-level travel sketch view of a harbor; post-rain calm; miniature-like stylization; balanced composition with clear foreground middle ground and background; thin crisp linework; anime-inspired digital illustration; clear contour lines and readable silhouettes; overcast-like even lighting and subtle shadow
0560,469940195673403,429964693702683,top-down view of a steam locomotive on a quiet street; simplified graphic mechanical forms; dense composition with many visible parts and props; thin crisp linework; anime-inspired digital illustration; clear contour lines and readable silhouettes; soft ambient lighting with restrained shading and minimal contrast
0561,604220589390221,751209804536659,close-up detail view of a camping trailer in an open field; playful cartoon engineering; balanced composition with a few contextual elements; medium-weight clean outlines; storybook digital illustration; readable shapes with crisp edges; overcast-like even lighting and subtle shadow
0562,818048169717209,886986714674691,high-angle casual pose of a chef in a cafe interior; slightly turning the body; strongly deformed cute proportions; balanced composition with a few supporting elements; thin crisp linework; vector-like digital illustration; clean contours and simplified shading; soft diffuse lighting with minimal shadow and subtle shading
0563,133925294786028,710440061860660,offset squares; centered symmetrical layout; soft hand-drawn geometry; sparse arrangement with generous negative space; precise technical contour lines; anime-inspired digital illustration; well-separated forms and clean outlines; soft diffuse lighting with minimal shadow and subtle shading
0564,238991555432380,297709884726456,side profile pose of a horse near a wooden fence; strongly deformed cute anatomy; minimal composition with a clear silhouette; medium-weight clean outlines; storybook digital illustration; readable shapes with crisp edges; soft diffuse lighting with minimal shadow and subtle shading
0565,189674802491401,883856647620748,front view of a robot vacuum at a depot; simplified graphic mechanical forms; minimal composition with a single clear subject; bold outer contours with simple inner lines; anime-inspired digital illustration; clear contour lines and readable silhouettes; even lighting with soft shading and almost no cast shadow
0566,765569428841715,734983346991833,woven bands; centered symmetrical layout; diagrammatic construction; sparse arrangement with generous negative space; brush-like digital linework with clean edges; editorial digital illustration; well-separated forms and clean outlines; low-contrast lighting with soft shading and minimal shadow
0567,949366093486714,244848384162661,eye-level travel sketch view of a suburban street; light mist; simplified graphic forms; dense composition with layered environmental detail; ultra-thin delicate lines; editorial digital illustration; well-separated forms and clean outlines; flat lighting with very gentle shading
0568,315481474701170,910331042095502,side profile portrait of a field scientist in a greenhouse; looking away thoughtfully; semi-realistic proportions; balanced composition with a few supporting elements; medium-weight clean outlines; comic-influenced digital illustration; clear contour lines and readable silhouettes; soft ambient lighting with restrained shading and minimal contrast
0569,344859316566681,369411047253194,high-angle overlook of a observatory hill; gentle spring haze; semi-realistic forms; balanced composition with clear foreground middle ground and background; rounded cartoon outlines; clean digital illustration; clear contour lines and readable silhouettes; low-contrast lighting with soft shading and minimal shadow
0570,431411807800567,223920456418879,low-angle heroic view of a delivery van in a garage; playful cartoon engineering; minimal composition with a single clear subject; bold outer contours with simple inner lines; stylized digital illustration; clean contours and simplified shading; soft ambient lighting with restrained shading and minimal contrast
0571,529063681606357,995591342767878,waist-up portrait of a boxer in a cafe interior; slightly turning the body; stylized proportions; minimal composition with wide negative space; variable-width pen lines; clean digital illustration; readable shapes with crisp edges; overcast-like even lighting and subtle shadow
0572,763869289052650,433187375880594,low-angle heroic view of a forklift in an open field; semi-realistic mechanical proportions; balanced composition with a few contextual elements; brush-like digital linework with clean edges; stylized digital illustration; well-separated forms and clean outlines; low-contrast lighting with soft shading and minimal shadow
0573,619510579723877,243822622488995,sleeping pose of a lion against a plain backdrop; strongly deformed cute anatomy; minimal composition with a clear silhouette; variable-width pen lines; anime-inspired digital illustration; clear contour lines and readable silhouettes; overcast-like even lighting and subtle shadow
0574,877970803975979,132224382272612,low-angle foreground emphasis view of a seaside cliff; gentle spring haze; miniature-like stylization; balanced composition with clear foreground middle ground and background; variable-width pen lines; anime-inspired digital illustration; clean contours and simplified shading; overcast-like even lighting and subtle shadow
0575,186112846407554,210933521027076,playful motion pose of a goat against a plain backdrop; stylized anatomy; minimal composition with a clear silhouette; medium-weight clean outlines; vector-like digital illustration; clean contours and simplified shading; soft ambient lighting with restrained shading and minimal contrast
0576,445602363611281,584603809760809,eye-level close view of potted herbs on a picnic cloth; overlapping cluster; simplified graphic forms; balanced composition with a few supporting items; variable-width pen lines; clean digital illustration; clean contours and simplified shading; low-contrast lighting with soft shading and minimal shadow
0577,942498374329715,702519396282363,hexagonal tessellation; centered symmetrical layout; soft hand-drawn geometry; sparse arrangement with generous negative space; ultra-thin delicate lines; anime-inspired digital illustration; clear contour lines and readable silhouettes; overcast-like even lighting and subtle shadow
0578,560256354328539,957525366484005,spiral staircase abstraction; diagonal sweeping composition; playful modular abstraction; dense arrangement with many repeated forms; brush-like digital linework with clean edges; storybook digital illustration; readable shapes with crisp edges; even lighting with soft shading and almost no cast shadow
0579,930938598546621,382749680079553,top-down view of a delivery van on a quiet street; simplified graphic mechanical forms; balanced composition with a few contextual elements; brush-like digital linework with clean edges; anime-inspired digital illustration; well-separated forms and clean outlines; low-contrast lighting with soft shading and minimal shadow
0580,567450625768852,583304608233184,top-down view of seashells on a workshop bench; exploded-view arrangement; playful stylization; minimal composition with ample breathing room; ultra-thin delicate lines; editorial digital illustration; clear contour lines and readable silhouettes; soft diffuse lighting with minimal shadow and subtle shading
0581,369454739861297,406298511992197,eye-level close view of cosmetics on a workshop bench; carefully arranged spread; diagram-like simplification; balanced composition with a few supporting items; brush-like digital linework with clean edges; anime-inspired digital illustration; well-separated forms and clean outlines; soft ambient lighting with restrained shading and minimal contrast
0582,760207527430352,640334307423486,standing pose of a capybara in a meadow; semi-realistic anatomy; balanced composition with a few habitat elements; medium-weight clean outlines; storybook digital illustration; clear contour lines and readable silhouettes; even lighting with soft shading and almost no cast shadow
0583,119561640278178,942019139294315,side elevation view of a desktop computer tower on a station platform; playful cartoon engineering; balanced composition with a few contextual elements; variable-width pen lines; clean digital illustration; well-separated forms and clean outlines; flat lighting with very gentle shading
0584,546914601662956,360822020180396,sitting pose of a house cat in a meadow; semi-realistic anatomy; dense composition with layered habitat detail; bold outer contours with simple inner lines; anime-inspired digital illustration; clean contours and simplified shading; low-contrast lighting with soft shading and minimal shadow
0585,430618659130721,883307813990112,straight-on shelf view of a fruit bowl on a tatami mat; exploded-view arrangement; simplified graphic forms; minimal composition with ample breathing room; medium-weight clean outlines; editorial digital illustration; clear contour lines and readable silhouettes; overcast-like even lighting and subtle shadow
0586,840890653316278,906242481112843,straight-on shelf view of cosmetics on a workshop bench; carefully arranged spread; simplified graphic forms; minimal composition with ample breathing room; precise technical contour lines; anime-inspired digital illustration; well-separated forms and clean outlines; soft ambient lighting with restrained shading and minimal contrast
0587,106087994588230,152895845638429,dynamic motion pose of a hiker in a cafe interior; resting for a moment; strongly deformed cute proportions; dense composition with layered details; bold outer contours with simple inner lines; clean digital illustration; readable shapes with crisp edges; overcast-like even lighting and subtle shadow
0588,948336992566215,414719427410126,interlocking arcs; asymmetrical offset layout; playful modular abstraction; dense arrangement with many repeated forms; variable-width pen lines; clean digital illustration; clear contour lines and readable silhouettes; low-contrast lighting with soft shading and minimal shadow
0589,103612959122923,674844129591529,low-angle heroic pose of a blacksmith in a tidy bedroom; resting for a moment; stylized proportions; balanced composition with a few supporting elements; bold outer contours with simple inner lines; vector-like digital illustration; readable shapes with crisp edges; flat lighting with very gentle shading
0590,302353612581036,286341861993836,sleeping pose of a penguin near a wooden fence; stylized anatomy; minimal composition with a clear silhouette; precise technical contour lines; anime-inspired digital illustration; readable shapes with crisp edges; flat lighting with very gentle shading
0591,132321488190195,417818229388513,top-down view of a toy robot on a workshop bench; single centered arrangement; observational proportions; minimal composition with ample breathing room; ultra-thin delicate lines; clean digital illustration; readable shapes with crisp edges; flat lighting with very gentle shading
0592,715862854992244,520176755680974,three-quarter tabletop view of a desk fan on a tatami mat; exploded-view arrangement; observational proportions; dense composition with many small details; brush-like digital linework with clean edges; editorial digital illustration; well-separated forms and clean outlines; overcast-like even lighting and subtle shadow
0593,160744778063703,903048621472183,seated pose in three-quarter view of a elderly gardener in a plain studio backdrop; captured in a candid pause; strongly deformed cute proportions; minimal composition with wide negative space; medium-weight clean outlines; anime-inspired digital illustration; clear contour lines and readable silhouettes; soft diffuse lighting with minimal shadow and subtle shading
0594,739996630575940,596201502685557,long shot with deep background of a bamboo grove; soft overcast weather; semi-realistic forms; minimal composition with broad open space; thin crisp linework; storybook digital illustration; clear contour lines and readable silhouettes; low-contrast lighting with soft shading and minimal shadow
0595,406489117272836,201841249629184,wide panoramic view of a market street; soft overcast weather; storybook stylization; minimal composition with broad open space; thin crisp linework; storybook digital illustration; clean contours and simplified shading; flat lighting with very gentle shading
0596,874700157834437,513102390160510,seated pose in three-quarter view of a librarian in a tidy bedroom; captured in a candid pause; semi-realistic proportions; minimal composition with wide negative space; medium-weight clean outlines; anime-inspired digital illustration; readable shapes with crisp edges; soft diffuse lighting with minimal shadow and subtle shading
0597,550472249958825,116695687773442,three-quarter front view of a tractor at a harbor; retro-futuristic stylization; balanced composition with a few contextual elements; ultra-thin delicate lines; anime-inspired digital illustration; clean contours and simplified shading; flat lighting with very gentle shading
0598,864129170904313,171040813247921,sleeping pose of a red fox on a snowy field; semi-realistic anatomy; balanced composition with a few habitat elements; rounded cartoon outlines; clean digital illustration; clear contour lines and readable silhouettes; flat lighting with very gentle shading
0599,525106684448589,136891115153186,high-angle casual pose of a barista in a greenhouse; mid-action with a small gesture; semi-realistic proportions; minimal composition with wide negative space; rounded cartoon outlines; stylized digital illustration; readable shapes with crisp edges; low-contrast lighting with soft shading and minimal shadow
0600,366120610452026,510980713512568,three-quarter front view of a food truck on a quiet street; simplified graphic mechanical forms; balanced composition with a few contextual elements; ultra-thin delicate lines; anime-inspired digital illustration; readable shapes with crisp edges; low-contrast lighting with soft shading and minimal shadow
0601,359245096400939,397276059696466,front-facing pose of a giraffe in a quiet room; stylized anatomy; balanced composition with a few habitat elements; precise technical contour lines; vector-like digital illustration; clean contours and simplified shading; flat lighting with very gentle shading
0602,712329096002716,820444704470325,top-down view of seashells on a white tabletop; overlapping cluster; observational proportions; dense composition with many small details; rounded cartoon outlines; clean digital illustration; clean contours and simplified shading; overcast-like even lighting and subtle shadow
0603,871429938851209,701211577622270,eye-level close view of pastries on a tray on a studio shelf; overlapping cluster; simplified graphic forms; balanced composition with a few supporting items; brush-like digital linework with clean edges; storybook digital illustration; clean contours and simplified shading; soft ambient lighting with restrained shading and minimal contrast
0604,432823461830655,507149920934557,high-angle casual pose of a chef in a cafe interior; mid-action with a small gesture; semi-realistic proportions; minimal composition with wide negative space; thin crisp linework; stylized digital illustration; clear contour lines and readable silhouettes; soft ambient lighting with restrained shading and minimal contrast
0605,349024442570814,717778165248941,straight-on shelf view of ceramic vases on a picnic cloth; single centered arrangement; diagram-like simplification; minimal composition with ample breathing room; medium-weight clean outlines; storybook digital illustration; well-separated forms and clean outlines; overcast-like even lighting and subtle shadow
0606,695855654199245,128375776807892,three-quarter perspective view of a marsh boardwalk; light mist; simplified graphic forms; dense composition with layered environmental detail; bold outer contours with simple inner lines; anime-inspired digital illustration; clear contour lines and readable silhouettes; flat lighting with very gentle shading
0607,754424176167889,784456635907539,low-angle heroic pose of a festival drummer in a rooftop; holding a relevant tool; strongly deformed cute proportions; balanced composition with a few supporting elements; bold outer contours with simple inner lines; vector-like digital illustration; readable shapes with crisp edges; flat lighting with very gentle shading
0608,667386231111557,591413217319996,eye-level travel sketch view of a forest clearing; soft overcast weather; simplified graphic forms; minimal composition with broad open space; brush-like digital linework with clean edges; editorial digital illustration; clean contours and simplified shading; soft diffuse lighting with minimal shadow and subtle shading
0609,225576426678524,617303775401518,top-down view of guitar pedals on a white tabletop; diagonal arrangement across the frame; playful stylization; dense composition with many small details; rounded cartoon outlines; editorial digital illustration; clear contour lines and readable silhouettes; even lighting with soft shading and almost no cast shadow
0610,449633814391571,181031318379533,three-quarter perspective view of a seaside cliff; gentle spring haze; storybook stylization; balanced composition with clear foreground middle ground and background; thin crisp linework; storybook digital illustration; clean contours and simplified shading; low-contrast lighting with soft shading and minimal shadow
0611,713440310059760,870951349792054,low-angle foreground emphasis view of a harbor; light mist; semi-realistic forms; dense composition with layered environmental detail; medium-weight clean outlines; storybook digital illustration; well-separated forms and clean outlines; low-contrast lighting with soft shading and minimal shadow
0612,562726816550782,387139938142467,straight-on shelf view of candles on a white tabletop; exploded-view arrangement; simplified graphic forms; balanced composition with a few supporting items; thin crisp linework; anime-inspired digital illustration; clean contours and simplified shading; overcast-like even lighting and subtle shadow
0613,787049718577018,750147374146617,side elevation view of a excavator against a clean backdrop; semi-realistic mechanical proportions; minimal composition with a single clear subject; rounded cartoon outlines; clean digital illustration; well-separated forms and clean outlines; flat lighting with very gentle shading
0614,217789007358218,568014508291646,front-facing pose of a red fox in a garden; stylized anatomy; balanced composition with a few habitat elements; rounded cartoon outlines; vector-like digital illustration; clean contours and simplified shading; low-contrast lighting with soft shading and minimal shadow
0615,169125501948505,284464549719255,side elevation view of a fishing boat against a clean backdrop; semi-realistic mechanical proportions; minimal composition with a single clear subject; ultra-thin delicate lines; clean digital illustration; clear contour lines and readable silhouettes; even lighting with soft shading and almost no cast shadow
0616,631396047396598,931093342590372,top-down view of a streetcar against a clean backdrop; semi-realistic mechanical proportions; minimal composition with a single clear subject; variable-width pen lines; clean digital illustration; well-separated forms and clean outlines; low-contrast lighting with soft shading and minimal shadow
0617,171109206693745,588364013423478,full-body standing pose at eye level of a cyclist courier in a riverside promenade; captured in a candid pause; stylized proportions; balanced composition with a few supporting elements; rounded cartoon outlines; storybook digital illustration; readable shapes with crisp edges; low-contrast lighting with soft shading and minimal shadow
0618,959895841441377,156775524986497,interlocking arcs; centered symmetrical layout; soft hand-drawn geometry; dense arrangement with many repeated forms; precise technical contour lines; anime-inspired digital illustration; clean contours and simplified shading; low-contrast lighting with soft shading and minimal shadow
0619,253818436093537,655838286430757,dynamic motion pose of a swimmer in an alleyway; looking at the viewer; strongly deformed cute proportions; dense composition with layered details; variable-width pen lines; clean digital illustration; readable shapes with crisp edges; even lighting with soft shading and almost no cast shadow
0620,808882052432354,869830473496356,three-quarter tabletop view of plush toys on a workshop bench; overlapping cluster; playful stylization; minimal composition with ample breathing room; medium-weight clean outlines; storybook digital illustration; clear contour lines and readable silhouettes; even lighting with soft shading and almost no cast shadow
0621,731407552720848,228607417393100,long shot with deep background of a old shrine approach; light mist; simplified graphic forms; dense composition with layered environmental detail; ultra-thin delicate lines; editorial digital illustration; well-separated forms and clean outlines; even lighting with soft shading and almost no cast shadow
0622,923014187393620,547834074800283,straight-on shelf view of hand tools on a workshop bench; single centered arrangement; diagram-like simplification; minimal composition with ample breathing room; precise technical contour lines; clean digital illustration; well-separated forms and clean outlines; soft ambient lighting with restrained shading and minimal contrast
0623,773679023810113,126243585696673,straight-on shelf view of antique keys on a tatami mat; single centered arrangement; diagram-like simplification; minimal composition with ample breathing room; precise technical contour lines; clean digital illustration; well-separated forms and clean outlines; even lighting with soft shading and almost no cast shadow
0624,555022787201774,744788483603986,sitting pose of a giraffe on a snowy field; semi-realistic anatomy; dense composition with layered habitat detail; variable-width pen lines; anime-inspired digital illustration; clear contour lines and readable silhouettes; even lighting with soft shading and almost no cast shadow
0625,141561296151146,841303239378281,dynamic motion pose of a librarian in a tidy bedroom; resting for a moment; strongly deformed cute proportions; dense composition with layered details; medium-weight clean outlines; clean digital illustration; clean contours and simplified shading; overcast-like even lighting and subtle shadow
0626,225614298711052,679571603247079,full-body standing pose at eye level of a mountain monk in a library aisle; looking at the viewer; semi-realistic proportions; balanced composition with a few supporting elements; variable-width pen lines; storybook digital illustration; readable shapes with crisp edges; overcast-like even lighting and subtle shadow
0627,866883981765969,101432777181706,full-body standing pose at eye level of a hiker in a plain studio backdrop; holding a relevant tool; stylized proportions; balanced composition with a few supporting elements; bold outer contours with simple inner lines; storybook digital illustration; clean contours and simplified shading; flat lighting with very gentle shading
0628,691424176848678,651384561583304,hexagonal tessellation; centered symmetrical layout; playful modular abstraction; dense arrangement with many repeated forms; bold outer contours with simple inner lines; storybook digital illustration; readable shapes with crisp edges; low-contrast lighting with soft shading and minimal shadow
0629,562819154204914,614115044910989,eye-level travel sketch view of a industrial harbor; clear morning air; storybook stylization; minimal composition with broad open space; medium-weight clean outlines; clean digital illustration; readable shapes with crisp edges; low-contrast lighting with soft shading and minimal shadow
0630,370524826483358,236760792287604,eye-level travel sketch view of a salt flat; light mist; storybook stylization; minimal composition with broad open space; ultra-thin delicate lines; clean digital illustration; clear contour lines and readable silhouettes; low-contrast lighting with soft shading and minimal shadow
0631,173921885410685,546511752535240,high-angle casual pose of a cyclist courier in a greenhouse; preparing for work; stylized proportions; minimal composition with wide negative space; bold outer contours with simple inner lines; stylized digital illustration; readable shapes with crisp edges; even lighting with soft shading and almost no cast shadow
0632,735833994555433,513707205507566,long shot with deep background of a seaside cliff; light mist; miniature-like stylization; minimal composition with broad open space; precise technical contour lines; anime-inspired digital illustration; well-separated forms and clean outlines; flat lighting with very gentle shading
0633,873626171284857,269490706248217,playful motion pose of a monkey beside a pond; stylized anatomy; dense composition with layered habitat detail; medium-weight clean outlines; comic-influenced digital illustration; clean contours and simplified shading; overcast-like even lighting and subtle shadow
0634,827007532111446,765034653199124,front-facing pose of a shiba inu in a quiet room; semi-realistic anatomy; minimal composition with a clear silhouette; bold outer contours with simple inner lines; stylized digital illustration; clean contours and simplified shading; even lighting with soft shading and almost no cast shadow
0635,256699183342749,393350685510407,looking back pose of a panda near a wooden fence; semi-realistic anatomy; balanced composition with a few habitat elements; medium-weight clean outlines; comic-influenced digital illustration; readable shapes with crisp edges; soft ambient lighting with restrained shading and minimal contrast
0636,641719584824099,647416383154622,eye-level travel sketch view of a lavender field; thin cloud cover; simplified graphic forms; balanced composition with clear foreground middle ground and background; medium-weight clean outlines; editorial digital illustration; readable shapes with crisp edges; flat lighting with very gentle shading
0637,244687604529102,940558612074372,seated pose in three-quarter view of a kimono tailor in a train platform; looking at the viewer; stylized proportions; dense composition with layered details; precise technical contour lines; storybook digital illustration; readable shapes with crisp edges; low-contrast lighting with soft shading and minimal shadow
0638,183108227819625,809795232601062,straight-on shelf view of seashells on a bookstore counter; carefully arranged spread; simplified graphic forms; minimal composition with ample breathing room; medium-weight clean outlines; editorial digital illustration; well-separated forms and clean outlines; low-contrast lighting with soft shading and minimal shadow
0639,304221006649234,385585314103629,side profile portrait of a festival drummer in a library aisle; slightly turning the body; stylized proportions; minimal composition with wide negative space; bold outer contours with simple inner lines; vector-like digital illustration; clean contours and simplified shading; even lighting with soft shading and almost no cast shadow
0640,430860008440472,514711105453293,three-quarter tabletop view of guitar pedals on a workshop bench; shelf display arrangement; playful stylization; balanced composition with a few supporting items; ultra-thin delicate lines; clean digital illustration; clean contours and simplified shading; low-contrast lighting with soft shading and minimal shadow
0641,759338998583374,384221395532504,checker wave; asymmetrical offset layout; diagrammatic construction; dense arrangement with many repeated forms; bold outer contours with simple inner lines; anime-inspired digital illustration; clean contours and simplified shading; overcast-like even lighting and subtle shadow
0642,660787211481932,739993699300031,low-angle heroic view of a arcade cabinet on a station platform; semi-realistic mechanical proportions; balanced composition with a few contextual elements; variable-width pen lines; vector-like digital illustration; clean contours and simplified shading; overcast-like even lighting and subtle shadow
0643,313333397878591,547835900567144,three-quarter tabletop view of fountain pens on a tatami mat; carefully arranged spread; observational proportions; dense composition with many small details; variable-width pen lines; anime-inspired digital illustration; readable shapes with crisp edges; overcast-like even lighting and subtle shadow
0644,345015083858364,750381674984871,high-angle overlook of a botanical garden walkway; clear morning air; storybook stylization; dense composition with layered environmental detail; bold outer contours with simple inner lines; storybook digital illustration; clear contour lines and readable silhouettes; overcast-like even lighting and subtle shadow
0645,971309945310742,913737593954938,front view of a portable radio against a clean backdrop; playful cartoon engineering; minimal composition with a single clear subject; medium-weight clean outlines; storybook digital illustration; clear contour lines and readable silhouettes; low-contrast lighting with soft shading and minimal shadow
0646,382935768527558,436017778534986,interlocking arcs; centered symmetrical layout; soft hand-drawn geometry; sparse arrangement with generous negative space; precise technical contour lines; anime-inspired digital illustration; clear contour lines and readable silhouettes; low-contrast lighting with soft shading and minimal shadow
0647,389400283755844,963344256443863,straight-on shelf view of travel souvenirs on a tatami mat; diagonal arrangement across the frame; simplified graphic forms; dense composition with many small details; variable-width pen lines; anime-inspired digital illustration; clean contours and simplified shading; low-contrast lighting with soft shading and minimal shadow
0648,583944832936443,303921122472397,seated pose in three-quarter view of a astronaut trainee in a tidy bedroom; captured in a candid pause; semi-realistic proportions; balanced composition with a few supporting elements; bold outer contours with simple inner lines; clean digital illustration; clean contours and simplified shading; flat lighting with very gentle shading
0649,480770856650881,810595758722626,candid walking pose of a kimono tailor in a greenhouse; slightly turning the body; semi-realistic proportions; balanced composition with a few supporting elements; ultra-thin delicate lines; clean digital illustration; clean contours and simplified shading; soft ambient lighting with restrained shading and minimal contrast
0650,277421296889501,636435198120899,full-body standing pose at eye level of a festival drummer in a library aisle; holding a relevant tool; stylized proportions; balanced composition with a few supporting elements; medium-weight clean outlines; storybook digital illustration; clean contours and simplified shading; even lighting with soft shading and almost no cast shadow
0651,143749326020567,895984159624916,low-angle heroic view of a arcade cabinet against a clean backdrop; simplified graphic mechanical forms; minimal composition with a single clear subject; rounded cartoon outlines; comic-influenced digital illustration; clean contours and simplified shading; soft ambient lighting with restrained shading and minimal contrast
0652,677928630727394,138044149628922,seated pose in three-quarter view of a boxer in a tidy bedroom; captured in a candid pause; semi-realistic proportions; balanced composition with a few supporting elements; variable-width pen lines; clean digital illustration; clean contours and simplified shading; overcast-like even lighting and subtle shadow
0653,958553285675751,492488334117473,close-up detail view of a submarine at a depot; retro-futuristic stylization; balanced composition with a few contextual elements; ultra-thin delicate lines; editorial digital illustration; readable shapes with crisp edges; low-contrast lighting with soft shading and minimal shadow
0654,427224808704383,558308134328707,straight-on shelf view of pastries on a tray on a bookstore counter; exploded-view arrangement; simplified graphic forms; minimal composition with ample breathing room; precise technical contour lines; anime-inspired digital illustration; clean contours and simplified shading; low-contrast lighting with soft shading and minimal shadow
0655,429132250491744,690733145843324,low-angle foreground emphasis view of a marsh boardwalk; clear morning air; semi-realistic forms; minimal composition with broad open space; precise technical contour lines; storybook digital illustration; readable shapes with crisp edges; overcast-like even lighting and subtle shadow
0656,788800607445379,453531749817519,folded planes; asymmetrical offset layout; playful modular abstraction; sparse arrangement with generous negative space; ultra-thin delicate lines; clean digital illustration; clear contour lines and readable silhouettes; soft ambient lighting with restrained shading and minimal contrast
0657,125690863315806,472513698149871,candid walking pose of a manga assistant in a classroom; preparing for work; stylized proportions; balanced composition with a few supporting elements; precise technical contour lines; clean digital illustration; clean contours and simplified shading; low-contrast lighting with soft shading and minimal shadow
0658,137443446343920,994866751205870,wide panoramic view of a old shrine approach; light mist; semi-realistic forms; dense composition with layered environmental detail; precise technical contour lines; clean digital illustration; clean contours and simplified shading; soft diffuse lighting with minimal shadow and subtle shading
0659,518181344518704,864474288886796,seated pose in three-quarter view of a manga assistant in a greenhouse; captured in a candid pause; semi-realistic proportions; minimal composition with wide negative space; thin crisp linework; anime-inspired digital illustration; clean contours and simplified shading; soft ambient lighting with restrained shading and minimal contrast
0660,866106411507784,989864215490690,waist-up portrait of a elderly gardener in an alleyway; mid-action with a small gesture; stylized proportions; balanced composition with a few supporting elements; precise technical contour lines; storybook digital illustration; clear contour lines and readable silhouettes; low-contrast lighting with soft shading and minimal shadow
0661,148341036724953,448792179255065,three-quarter tabletop view of perfume bottles on a tatami mat; carefully arranged spread; observational proportions; minimal composition with ample breathing room; precise technical contour lines; anime-inspired digital illustration; readable shapes with crisp edges; overcast-like even lighting and subtle shadow
0662,267483240183622,595429451684061,high-angle overlook of a market street; gentle spring haze; miniature-like stylization; balanced composition with clear foreground middle ground and background; brush-like digital linework with clean edges; editorial digital illustration; clean contours and simplified shading; flat lighting with very gentle shading
0663,227670384451273,289152652943174,low-angle heroic pose of a puppeteer in a plain studio backdrop; captured in a candid pause; semi-realistic proportions; dense composition with layered details; bold outer contours with simple inner lines; comic-influenced digital illustration; readable shapes with crisp edges; overcast-like even lighting and subtle shadow
0664,505097688491700,871062002982285,front view of a streetcar in a garage; simplified graphic mechanical forms; minimal composition with a single clear subject; ultra-thin delicate lines; editorial digital illustration; readable shapes with crisp edges; soft diffuse lighting with minimal shadow and subtle shading
0665,858109179796556,198266150533229,three-quarter perspective view of a bamboo grove; soft overcast weather; simplified graphic forms; minimal composition with broad open space; variable-width pen lines; anime-inspired digital illustration; well-separated forms and clean outlines; overcast-like even lighting and subtle shadow
0666,866408525504404,331653820604547,running pose of a goat in a meadow; stylized anatomy; dense composition with layered habitat detail; thin crisp linework; storybook digital illustration; clear contour lines and readable silhouettes; soft diffuse lighting with minimal shadow and subtle shading
0667,167896255772938,679062776601723,playful motion pose of a penguin in tall grass; stylized anatomy; minimal composition with a clear silhouette; medium-weight clean outlines; stylized digital illustration; readable shapes with crisp edges; even lighting with soft shading and almost no cast shadow
0668,345713385946992,353008643244968,high-angle casual pose of a beekeeper in a plain studio backdrop; mid-action with a small gesture; strongly deformed cute proportions; minimal composition with wide negative space; precise technical contour lines; stylized digital illustration; clean contours and simplified shading; flat lighting with very gentle shading
0669,800152010095618,488011822890899,low-angle foreground emphasis view of a volcanic ridge; thin cloud cover; miniature-like stylization; balanced composition with clear foreground middle ground and background; precise technical contour lines; anime-inspired digital illustration; clear contour lines and readable silhouettes; even lighting with soft shading and almost no cast shadow
0670,986685590496493,846462317397852,running pose of a goat in a garden; semi-realistic anatomy; dense composition with layered habitat detail; rounded cartoon outlines; storybook digital illustration; readable shapes with crisp edges; flat lighting with very gentle shading
0671,569903142048114,491413375723759,front view of a food truck inside a workshop; playful cartoon engineering; dense composition with many visible parts and props; variable-width pen lines; clean digital illustration; clear contour lines and readable silhouettes; soft diffuse lighting with minimal shadow and subtle shading
0672,804644777200443,463862491868854,interlocking arcs; diagonal sweeping composition; precise vector-like structure; sparse arrangement with generous negative space; medium-weight clean outlines; clean digital illustration; clean contours and simplified shading; overcast-like even lighting and subtle shadow
0673,118247816617963,987365728464784,stacked capsules; asymmetrical offset layout; diagrammatic construction; dense arrangement with many repeated forms; thin crisp linework; anime-inspired digital illustration; readable shapes with crisp edges; flat lighting with very gentle shading
0674,949117696055396,231147804385273,close-up detail view of a tractor inside a workshop; semi-realistic mechanical proportions; balanced composition with a few contextual elements; medium-weight clean outlines; storybook digital illustration; clean contours and simplified shading; flat lighting with very gentle shading
0675,317353907057645,948856573446775,three-quarter front view of a camping trailer on a station platform; simplified graphic mechanical forms; minimal composition with a single clear subject; medium-weight clean outlines; editorial digital illustration; clear contour lines and readable silhouettes; soft ambient lighting with restrained shading and minimal contrast
0676,941425427369810,607085589077429,isometric blocks; radial composition; playful modular abstraction; sparse arrangement with generous negative space; ultra-thin delicate lines; clean digital illustration; clean contours and simplified shading; soft diffuse lighting with minimal shadow and subtle shading
0677,232376894012624,885780721796911,low-angle foreground emphasis view of a snowy village; thin cloud cover; miniature-like stylization; balanced composition with clear foreground middle ground and background; precise technical contour lines; anime-inspired digital illustration; readable shapes with crisp edges; even lighting with soft shading and almost no cast shadow
0678,460748446276517,504220125538908,three-quarter front view of a bulldozer at a harbor; retro-futuristic stylization; balanced composition with a few contextual elements; ultra-thin delicate lines; anime-inspired digital illustration; readable shapes with crisp edges; overcast-like even lighting and subtle shadow
0679,507977976007732,598594316717309,seated pose in three-quarter view of a dancer in an alleyway; captured in a candid pause; strongly deformed cute proportions; balanced composition with a few supporting elements; thin crisp linework; clean digital illustration; readable shapes with crisp edges; soft ambient lighting with restrained shading and minimal contrast
0680,553054265691669,849362111613401,low-angle foreground emphasis view of a mountain trail; light mist; semi-realistic forms; minimal composition with broad open space; bold outer contours with simple inner lines; storybook digital illustration; well-separated forms and clean outlines; soft diffuse lighting with minimal shadow and subtle shading
0681,942187720886320,356670246524133,flowing ribbons; repeating all-over pattern; precise vector-like structure; sparse arrangement with generous negative space; rounded cartoon outlines; clean digital illustration; readable shapes with crisp edges; overcast-like even lighting and subtle shadow
0682,281772502379508,720023139783817,high-angle overlook of a greenhouse path; thin cloud cover; miniature-like stylization; balanced composition with clear foreground middle ground and background; medium-weight clean outlines; editorial digital illustration; readable shapes with crisp edges; soft diffuse lighting with minimal shadow and subtle shading
0683,347184215840033,861769484563587,eye-level travel sketch view of a greenhouse path; clear morning air; semi-realistic forms; minimal composition with broad open space; precise technical contour lines; storybook digital illustration; readable shapes with crisp edges; low-contrast lighting with soft shading and minimal shadow
0684,282233502165635,832169078408372,low-angle heroic view of a forklift on a quiet street; playful cartoon engineering; minimal composition with a single clear subject; ultra-thin delicate lines; vector-like digital illustration; clear contour lines and readable silhouettes; low-contrast lighting with soft shading and minimal shadow
0685,135578490715284,123002920092809,high-angle casual pose of a street photographer in a tidy bedroom; preparing for work; stylized proportions; minimal composition with wide negative space; variable-width pen lines; stylized digital illustration; clean contours and simplified shading; overcast-like even lighting and subtle shadow
0686,693241430983273,958607294521742,playful motion pose of a panda in a quiet room; strongly deformed cute anatomy; dense composition with layered habitat detail; variable-width pen lines; comic-influenced digital illustration; clean contours and simplified shading; even lighting with soft shading and almost no cast shadow
0687,516711468433691,763273137754009,side elevation view of a typewriter in a garage; simplified graphic mechanical forms; minimal composition with a single clear subject; medium-weight clean outlines; editorial digital illustration; clean contours and simplified shading; soft diffuse lighting with minimal shadow and subtle shading
0688,584209604120709,606607927783821,eye-level close view of sewing tools on a workshop bench; overlapping cluster; simplified graphic forms; dense composition with many small details; thin crisp linework; storybook digital illustration; well-separated forms and clean outlines; low-contrast lighting with soft shading and minimal shadow
0689,920724486108858,917650788613203,dynamic motion pose of a ceramic artist in a classroom; looking at the viewer; strongly deformed cute proportions; dense composition with layered details; bold outer contours with simple inner lines; clean digital illustration; clean contours and simplified shading; overcast-like even lighting and subtle shadow
0690,701395212126926,221756772989394,long shot with deep background of a market street; thin cloud cover; storybook stylization; balanced composition with clear foreground middle ground and background; ultra-thin delicate lines; clean digital illustration; well-separated forms and clean outlines; even lighting with soft shading and almost no cast shadow
0691,335353788644444,731059930961968,straight-on shelf view of sewing tools on a wooden desk; exploded-view arrangement; simplified graphic forms; balanced composition with a few supporting items; rounded cartoon outlines; editorial digital illustration; clean contours and simplified shading; overcast-like even lighting and subtle shadow
0692,409768672518475,737208011545162,high-angle casual pose of a stage magician in a plain studio backdrop; slightly turning the body; semi-realistic proportions; balanced composition with a few supporting elements; rounded cartoon outlines; vector-like digital illustration; clear contour lines and readable silhouettes; flat lighting with very gentle shading
0693,997846421940107,383103429794588,low-angle heroic pose of a astronaut trainee in a rooftop; captured in a candid pause; semi-realistic proportions; balanced composition with a few supporting elements; bold outer contours with simple inner lines; vector-like digital illustration; readable shapes with crisp edges; flat lighting with very gentle shading
0694,958031752161242,189212341204055,straight-on shelf view of fountain pens on a kitchen counter; carefully arranged spread; simplified graphic forms; dense composition with many small details; variable-width pen lines; anime-inspired digital illustration; clear contour lines and readable silhouettes; soft diffuse lighting with minimal shadow and subtle shading
0695,711917068694429,208280276224051,looking back pose of a penguin near a wooden fence; strongly deformed cute anatomy; minimal composition with a clear silhouette; variable-width pen lines; vector-like digital illustration; clear contour lines and readable silhouettes; overcast-like even lighting and subtle shadow
0696,316534515613267,945034416703861,waist-up portrait of a boxer in an alleyway; mid-action with a small gesture; stylized proportions; balanced composition with a few supporting elements; medium-weight clean outlines; storybook digital illustration; readable shapes with crisp edges; soft ambient lighting with restrained shading and minimal contrast
0697,381826320523560,222435001750766,front view of a desktop computer tower at a depot; playful cartoon engineering; balanced composition with a few contextual elements; bold outer contours with simple inner lines; storybook digital illustration; readable shapes with crisp edges; flat lighting with very gentle shading
0698,334146109114006,948634501570363,eye-level close view of a potted cactus on a workshop bench; overlapping cluster; simplified graphic forms; balanced composition with a few supporting items; brush-like digital linework with clean edges; storybook digital illustration; clean contours and simplified shading; even lighting with soft shading and almost no cast shadow
0699,218372009268767,860513063479156,dynamic motion pose of a train conductor in a tidy bedroom; holding a relevant tool; stylized proportions; minimal composition with wide negative space; medium-weight clean outlines; storybook digital illustration; readable shapes with crisp edges; soft diffuse lighting with minimal shadow and subtle shading
0700,653693199501485,475688076518853,side elevation view of a portable radio inside a workshop; retro-futuristic stylization; dense composition with many visible parts and props; variable-width pen lines; anime-inspired digital illustration; well-separated forms and clean outlines; overcast-like even lighting and subtle shadow
0701,784489665219744,269300807396415,straight-on shelf view of plush toys on a workshop bench; overlapping cluster; diagram-like simplification; minimal composition with ample breathing room; medium-weight clean outlines; storybook digital illustration; clean contours and simplified shading; even lighting with soft shading and almost no cast shadow
0702,271237445475851,170816936053796,dynamic motion pose of a manga assistant in a library aisle; captured in a candid pause; stylized proportions; minimal composition with wide negative space; variable-width pen lines; storybook digital illustration; readable shapes with crisp edges; overcast-like even lighting and subtle shadow
0703,534190795542307,251461063032412,straight-on shelf view of a chess set on a concrete floor; exploded-view arrangement; simplified graphic forms; minimal composition with ample breathing room; precise technical contour lines; anime-inspired digital illustration; readable shapes with crisp edges; soft diffuse lighting with minimal shadow and subtle shading
0704,119043937632704,957635626700081,eye-level travel sketch view of a cave entrance; light mist; semi-realistic forms; dense composition with layered environmental detail; medium-weight clean outlines; storybook digital illustration; well-separated forms and clean outlines; low-contrast lighting with soft shading and minimal shadow
0705,606769741869513,519276333001164,mosaic tiles; vertical poster composition; soft hand-drawn geometry; balanced arrangement with moderate repetition; brush-like digital linework with clean edges; editorial digital illustration; readable shapes with crisp edges; overcast-like even lighting and subtle shadow
0706,167973909345839,283535298182040,long shot with deep background of a island lighthouse; post-rain calm; miniature-like stylization; balanced composition with clear foreground middle ground and background; thin crisp linework; anime-inspired digital illustration; well-separated forms and clean outlines; overcast-like even lighting and subtle shadow
0707,529644805363370,784035543469135,sleeping pose of a alpaca beside a pond; stylized anatomy; dense composition with layered habitat detail; bold outer contours with simple inner lines; storybook digital illustration; clean contours and simplified shading; low-contrast lighting with soft shading and minimal shadow
0708,299058355299019,760631448808629,nested triangles; diagonal sweeping composition; playful modular abstraction; dense arrangement with many repeated forms; brush-like digital linework with clean edges; storybook digital illustration; clean contours and simplified shading; soft diffuse lighting with minimal shadow and subtle shading
0709,718779520885141,470084027043246,low-angle heroic pose of a mountain monk in a rooftop; looking at the viewer; stylized proportions; balanced composition with a few supporting elements; rounded cartoon outlines; vector-like digital illustration; clear contour lines and readable silhouettes; low-contrast lighting with soft shading and minimal shadow
0710,618862304845949,488855745691274,mosaic tiles; banded horizontal composition; diagrammatic construction; sparse arrangement with generous negative space; bold outer contours with simple inner lines; editorial digital illustration; well-separated forms and clean outlines; even lighting with soft shading and almost no cast shadow
0711,817792237399135,980029343441701,wide panoramic view of a canal town; clear morning air; miniature-like stylization; dense composition with layered environmental detail; medium-weight clean outlines; editorial digital illustration; clear contour lines and readable silhouettes; soft ambient lighting with restrained shading and minimal contrast
0712,773627820327008,123616331243786,rotating diamonds; diagonal sweeping composition; precise vector-like structure; dense arrangement with many repeated forms; variable-width pen lines; clean digital illustration; clear contour lines and readable silhouettes; soft ambient lighting with restrained shading and minimal contrast
0713,637522160275443,899675942720905,sliced cylinders; centered symmetrical layout; playful modular abstraction; dense arrangement with many repeated forms; bold outer contours with simple inner lines; storybook digital illustration; well-separated forms and clean outlines; low-contrast lighting with soft shading and minimal shadow
0714,824204365228607,975507778012622,top-down view of a submarine in a garage; playful cartoon engineering; dense composition with many visible parts and props; variable-width pen lines; clean digital illustration; well-separated forms and clean outlines; even lighting with soft shading and almost no cast shadow
0715,655531102559015,977091187204213,front view of a arcade cabinet on a station platform; simplified graphic mechanical forms; dense composition with many visible parts and props; rounded cartoon outlines; editorial digital illustration; clean contours and simplified shading; low-contrast lighting with soft shading and minimal shadow
0716,681146644913197,524487850385226,low-angle foreground emphasis view of a winding highway; clear morning air; semi-realistic forms; dense composition with layered environmental detail; bold outer contours with simple inner lines; storybook digital illustration; well-separated forms and clean outlines; overcast-like even lighting and subtle shadow
0717,333323120094123,296242048504365,eye-level close view of perfume bottles on a picnic cloth; diagonal arrangement across the frame; diagram-like simplification; minimal composition with ample breathing room; ultra-thin delicate lines; editorial digital illustration; clean contours and simplified shading; low-contrast lighting with soft shading and minimal shadow
0718,665224239422512,377731244573562,candid walking pose of a chef in a tidy bedroom; mid-action with a small gesture; strongly deformed cute proportions; balanced composition with a few supporting elements; variable-width pen lines; clean digital illustration; clean contours and simplified shading; even lighting with soft shading and almost no cast shadow
0719,868556076227287,466366073303236,running pose of a koala in a quiet room; semi-realistic anatomy; balanced composition with a few habitat elements; precise technical contour lines; clean digital illustration; readable shapes with crisp edges; flat lighting with very gentle shading
0720,676999541663616,446882176343029,eye-level close view of fountain pens on a kitchen counter; overlapping cluster; simplified graphic forms; balanced composition with a few supporting items; brush-like digital linework with clean edges; storybook digital illustration; clean contours and simplified shading; flat lighting with very gentle shading
0721,952827476072677,762682108791360,side elevation view of a arcade cabinet in a garage; playful cartoon engineering; minimal composition with a single clear subject; ultra-thin delicate lines; clean digital illustration; clear contour lines and readable silhouettes; low-contrast lighting with soft shading and minimal shadow
0722,812034007570023,560188376085093,low-angle heroic pose of a dancer in a classroom; looking at the viewer; stylized proportions; balanced composition with a few supporting elements; medium-weight clean outlines; vector-like digital illustration; clean contours and simplified shading; even lighting with soft shading and almost no cast shadow
0723,830334115350498,766010006713865,eye-level close view of a stationery set on a bookstore counter; overlapping cluster; simplified graphic forms; dense composition with many small details; rounded cartoon outlines; clean digital illustration; clean contours and simplified shading; low-contrast lighting with soft shading and minimal shadow
0724,877145688490422,937273342450952,three-quarter tabletop view of lab glassware on a studio shelf; single centered arrangement; playful stylization; minimal composition with ample breathing room; precise technical contour lines; clean digital illustration; readable shapes with crisp edges; low-contrast lighting with soft shading and minimal shadow
0725,774139900167176,870936225598535,full-body standing pose at eye level of a blacksmith in a cafe interior; captured in a candid pause; stylized proportions; dense composition with layered details; precise technical contour lines; anime-inspired digital illustration; readable shapes with crisp edges; low-contrast lighting with soft shading and minimal shadow
0726,507817506008783,447878478122878,wide panoramic view of a suburban street; soft overcast weather; semi-realistic forms; dense composition with layered environmental detail; variable-width pen lines; clean digital illustration; clean contours and simplified shading; overcast-like even lighting and subtle shadow
0727,903100562467224,270051447530315,straight-on shelf view of a desk fan on a wooden desk; diagonal arrangement across the frame; simplified graphic forms; dense composition with many small details; variable-width pen lines; anime-inspired digital illustration; readable shapes with crisp edges; flat lighting with very gentle shading
0728,634891982638605,238984431334100,three-quarter tabletop view of potted herbs on a tatami mat; diagonal arrangement across the frame; observational proportions; balanced composition with a few supporting items; ultra-thin delicate lines; anime-inspired digital illustration; clear contour lines and readable silhouettes; flat lighting with very gentle shading
0729,754321737722961,753985937360131,leaf-vein abstraction; banded horizontal composition; soft hand-drawn geometry; balanced arrangement with moderate repetition; thin crisp linework; anime-inspired digital illustration; well-separated forms and clean outlines; soft diffuse lighting with minimal shadow and subtle shading
0730,601162567644507,929255035771395,eye-level close view of sewing tools on a kitchen counter; single centered arrangement; simplified graphic forms; minimal composition with ample breathing room; rounded cartoon outlines; clean digital illustration; well-separated forms and clean outlines; soft diffuse lighting with minimal shadow and subtle shading
0731,951661717910256,603373517474863,three-quarter perspective view of a forest clearing; light mist; semi-realistic forms; minimal composition with broad open space; ultra-thin delicate lines; clean digital illustration; well-separated forms and clean outlines; soft diffuse lighting with minimal shadow and subtle shading
0732,174793814366523,437315567073408,looking back pose of a seal near a wooden fence; strongly deformed cute anatomy; dense composition with layered habitat detail; ultra-thin delicate lines; stylized digital illustration; clean contours and simplified shading; soft ambient lighting with restrained shading and minimal contrast
0733,297311517817330,713187004315904,top-down view of pastries on a tray on a bookstore counter; carefully arranged spread; playful stylization; minimal composition with ample breathing room; ultra-thin delicate lines; editorial digital illustration; clear contour lines and readable silhouettes; flat lighting with very gentle shading
0734,811668975819617,375634486619604,front view of a space rover at a harbor; simplified graphic mechanical forms; minimal composition with a single clear subject; ultra-thin delicate lines; editorial digital illustration; clear contour lines and readable silhouettes; soft ambient lighting with restrained shading and minimal contrast
0735,257158559177203,561827556162972,straight-on shelf view of guitar pedals on a bookstore counter; carefully arranged spread; simplified graphic forms; dense composition with many small details; brush-like digital linework with clean edges; editorial digital illustration; well-separated forms and clean outlines; soft ambient lighting with restrained shading and minimal contrast
0736,219385642699730,776791783423754,sitting pose of a shiba inu on a snowy field; stylized anatomy; dense composition with layered habitat detail; ultra-thin delicate lines; anime-inspired digital illustration; readable shapes with crisp edges; soft ambient lighting with restrained shading and minimal contrast
0737,178243363340725,177196677818656,side profile pose of a giraffe on a snowy field; stylized anatomy; minimal composition with a clear silhouette; thin crisp linework; storybook digital illustration; clean contours and simplified shading; soft ambient lighting with restrained shading and minimal contrast
0738,312948462512033,616811781657028,low-angle heroic view of a space rover on a quiet street; playful cartoon engineering; minimal composition with a single clear subject; ultra-thin delicate lines; vector-like digital illustration; clean contours and simplified shading; overcast-like even lighting and subtle shadow
0739,641860360198708,510461179856687,standing pose of a crane in a garden; strongly deformed cute anatomy; minimal composition with a clear silhouette; rounded cartoon outlines; clean digital illustration; readable shapes with crisp edges; low-contrast lighting with soft shading and minimal shadow
0740,270921349446681,518537521443560,offset squares; repeating all-over pattern; precise vector-like structure; dense arrangement with many repeated forms; precise technical contour lines; clean digital illustration; readable shapes with crisp edges; overcast-like even lighting and subtle shadow
0741,343869293814782,668818808051036,nested triangles; repeating all-over pattern; playful modular abstraction; sparse arrangement with generous negative space; thin crisp linework; storybook digital illustration; clear contour lines and readable silhouettes; soft ambient lighting with restrained shading and minimal contrast
0742,424318830809030,226184422098725,straight-on shelf view of ceramic vases on a studio shelf; diagonal arrangement across the frame; simplified graphic forms; balanced composition with a few supporting items; thin crisp linework; anime-inspired digital illustration; readable shapes with crisp edges; soft ambient lighting with restrained shading and minimal contrast
0743,955775253330897,461808996610917,looking back pose of a goat against a plain backdrop; stylized anatomy; minimal composition with a clear silhouette; thin crisp linework; vector-like digital illustration; clean contours and simplified shading; soft ambient lighting with restrained shading and minimal contrast
0744,932569132254468,351937148506329,front view of a cassette player in a garage; simplified graphic mechanical forms; balanced composition with a few contextual elements; medium-weight clean outlines; editorial digital illustration; clear contour lines and readable silhouettes; soft ambient lighting with restrained shading and minimal contrast
0745,473554445923878,565426578655248,close-up detail view of a cassette player at a depot; simplified graphic mechanical forms; balanced composition with a few contextual elements; bold outer contours with simple inner lines; anime-inspired digital illustration; readable shapes with crisp edges; soft diffuse lighting with minimal shadow and subtle shading
0746,701719038010652,492810175340090,front-facing pose of a shiba inu in tall grass; strongly deformed cute anatomy; minimal composition with a clear silhouette; bold outer contours with simple inner lines; stylized digital illustration; clean contours and simplified shading; even lighting with soft shading and almost no cast shadow
0747,773362996835401,355036239104232,topographic contour lines; banded horizontal composition; playful modular abstraction; dense arrangement with many repeated forms; medium-weight clean outlines; storybook digital illustration; clean contours and simplified shading; soft ambient lighting with restrained shading and minimal contrast
0748,142204253582829,207176191417996,flowing ribbons; vertical poster composition; precise vector-like structure; sparse arrangement with generous negative space; thin crisp linework; storybook digital illustration; clean contours and simplified shading; even lighting with soft shading and almost no cast shadow
0749,887350031369915,523665471836120,wide panoramic view of a suburban street; clear morning air; semi-realistic forms; minimal composition with broad open space; medium-weight clean outlines; clean digital illustration; clean contours and simplified shading; overcast-like even lighting and subtle shadow
0750,616221010798372,808662967111897,seated pose in three-quarter view of a street photographer in a classroom; captured in a candid pause; strongly deformed cute proportions; dense composition with layered details; variable-width pen lines; storybook digital illustration; clean contours and simplified shading; even lighting with soft shading and almost no cast shadow
0751,611313251123958,368144850785736,side profile pose of a elephant on a snowy field; semi-realistic anatomy; balanced composition with a few habitat elements; ultra-thin delicate lines; clean digital illustration; readable shapes with crisp edges; soft ambient lighting with restrained shading and minimal contrast
0752,563139696821160,471014803062773,sitting pose of a monkey beside a pond; semi-realistic anatomy; minimal composition with a clear silhouette; bold outer contours with simple inner lines; clean digital illustration; readable shapes with crisp edges; even lighting with soft shading and almost no cast shadow
0753,751577501860324,461486541305443,three-quarter tabletop view of perfume bottles on a picnic cloth; exploded-view arrangement; observational proportions; balanced composition with a few supporting items; ultra-thin delicate lines; anime-inspired digital illustration; well-separated forms and clean outlines; flat lighting with very gentle shading
0754,908978303338067,451292700511854,candid walking pose of a train conductor in a plain studio backdrop; slightly turning the body; strongly deformed cute proportions; dense composition with layered details; precise technical contour lines; storybook digital illustration; readable shapes with crisp edges; low-contrast lighting with soft shading and minimal shadow
0755,470992248210566,928958901108052,close-up detail view of a space rover on a station platform; retro-futuristic stylization; balanced composition with a few contextual elements; bold outer contours with simple inner lines; anime-inspired digital illustration; readable shapes with crisp edges; soft ambient lighting with restrained shading and minimal contrast
0756,356847392189015,907730525461935,low-angle heroic pose of a hiker in a tidy bedroom; resting for a moment; stylized proportions; minimal composition with wide negative space; rounded cartoon outlines; stylized digital illustration; clean contours and simplified shading; low-contrast lighting with soft shading and minimal shadow
0757,943795931515017,608229207266953,wide panoramic view of a rice terrace; soft overcast weather; storybook stylization; minimal composition with broad open space; thin crisp linework; storybook digital illustration; well-separated forms and clean outlines; soft diffuse lighting with minimal shadow and subtle shading
0758,168720673665717,166037771078415,looking back pose of a horse near a wooden fence; semi-realistic anatomy; dense composition with layered habitat detail; medium-weight clean outlines; stylized digital illustration; clean contours and simplified shading; overcast-like even lighting and subtle shadow
0759,677390487739027,783584384790472,dynamic motion pose of a cyclist courier in a tidy bedroom; holding a relevant tool; stylized proportions; dense composition with layered details; precise technical contour lines; clean digital illustration; readable shapes with crisp edges; low-contrast lighting with soft shading and minimal shadow
0760,217074088490425,629918179674106,top-down view of a excavator inside a workshop; retro-futuristic stylization; balanced composition with a few contextual elements; brush-like digital linework with clean edges; anime-inspired digital illustration; clean contours and simplified shading; overcast-like even lighting and subtle shadow
0761,355999087146723,169178266855875,leaf-vein abstraction; centered symmetrical layout; diagrammatic construction; balanced arrangement with moderate repetition; medium-weight clean outlines; editorial digital illustration; clean contours and simplified shading; soft diffuse lighting with minimal shadow and subtle shading
0762,873036947178172,380963728988777,hexagonal tessellation; radial composition; soft hand-drawn geometry; dense arrangement with many repeated forms; rounded cartoon outlines; editorial digital illustration; well-separated forms and clean outlines; even lighting with soft shading and almost no cast shadow
0763,772915019960808,535284049426277,three-quarter perspective view of a rooftop skyline; light mist; miniature-like stylization; dense composition with layered environmental detail; ultra-thin delicate lines; editorial digital illustration; readable shapes with crisp edges; soft diffuse lighting with minimal shadow and subtle shading
0764,915247238201296,328611418881196,low-angle heroic view of a space rover against a clean backdrop; simplified graphic mechanical forms; minimal composition with a single clear subject; rounded cartoon outlines; comic-influenced digital illustration; well-separated forms and clean outlines; overcast-like even lighting and subtle shadow
0765,883375675674195,379145339413416,high-angle overlook of a winding highway; soft overcast weather; storybook stylization; minimal composition with broad open space; thin crisp linework; storybook digital illustration; clear contour lines and readable silhouettes; overcast-like even lighting and subtle shadow
0766,138718453020410,123879630934630,waist-up portrait of a office worker in an alleyway; preparing for work; strongly deformed cute proportions; balanced composition with a few supporting elements; rounded cartoon outlines; storybook digital illustration; clear contour lines and readable silhouettes; flat lighting with very gentle shading
0767,657287678356114,118069986848035,interlocking arcs; vertical poster composition; diagrammatic construction; sparse arrangement with generous negative space; variable-width pen lines; anime-inspired digital illustration; well-separated forms and clean outlines; soft ambient lighting with restrained shading and minimal contrast
0768,734379821930534,774840127211255,front view of a forklift at a depot; playful cartoon engineering; minimal composition with a single clear subject; medium-weight clean outlines; storybook digital illustration; readable shapes with crisp edges; soft ambient lighting with restrained shading and minimal contrast
0769,570042857321456,405802522012118,low-angle heroic view of a sewing machine at a depot; retro-futuristic stylization; minimal composition with a single clear subject; precise technical contour lines; game-art style digital illustration; clean contours and simplified shading; even lighting with soft shading and almost no cast shadow
0770,341098543178773,690013076225782,sleeping pose of a house cat in a meadow; semi-realistic anatomy; minimal composition with a clear silhouette; rounded cartoon outlines; anime-inspired digital illustration; clean contours and simplified shading; low-contrast lighting with soft shading and minimal shadow
0771,658297365474123,989024564459790,seated pose in three-quarter view of a beekeeper in a rooftop; resting for a moment; stylized proportions; dense composition with layered details; rounded cartoon outlines; storybook digital illustration; clear contour lines and readable silhouettes; flat lighting with very gentle shading
0772,239766036801315,623439093174883,looking back pose of a panda on a rocky shore; semi-realistic anatomy; balanced composition with a few habitat elements; rounded cartoon outlines; comic-influenced digital illustration; clean contours and simplified shading; flat lighting with very gentle shading
0773,241655879934318,967313334579511,sleeping pose of a golden retriever in a meadow; strongly deformed cute anatomy; minimal composition with a clear silhouette; medium-weight clean outlines; anime-inspired digital illustration; clear contour lines and readable silhouettes; even lighting with soft shading and almost no cast shadow
0774,837373839351572,289589075359541,hexagonal tessellation; diagonal sweeping composition; soft hand-drawn geometry; balanced arrangement with moderate repetition; thin crisp linework; anime-inspired digital illustration; readable shapes with crisp edges; low-contrast lighting with soft shading and minimal shadow
0775,421001271845952,812859841835108,standing pose of a otter on a snowy field; strongly deformed cute anatomy; balanced composition with a few habitat elements; precise technical contour lines; storybook digital illustration; clean contours and simplified shading; flat lighting with very gentle shading
0776,341947627721158,599592314005961,wide panoramic view of a industrial harbor; post-rain calm; miniature-like stylization; balanced composition with clear foreground middle ground and background; rounded cartoon outlines; editorial digital illustration; readable shapes with crisp edges; overcast-like even lighting and subtle shadow
0777,417768820479549,637467564183186,low-angle heroic view of a portable radio on a quiet street; simplified graphic mechanical forms; dense composition with many visible parts and props; brush-like digital linework with clean edges; comic-influenced digital illustration; clean contours and simplified shading; flat lighting with very gentle shading
0778,843359162371022,655500632397358,close-up detail view of a tractor on a quiet street; semi-realistic mechanical proportions; minimal composition with a single clear subject; bold outer contours with simple inner lines; clean digital illustration; well-separated forms and clean outlines; soft ambient lighting with restrained shading and minimal contrast
0779,310400021792334,693297409168334,top-down view of ceramic vases on a picnic cloth; diagonal arrangement across the frame; playful stylization; balanced composition with a few supporting items; medium-weight clean outlines; editorial digital illustration; well-separated forms and clean outlines; low-contrast lighting with soft shading and minimal shadow
0780,745332073609392,160024728254448,low-angle foreground emphasis view of a botanical garden walkway; clear morning air; miniature-like stylization; minimal composition with broad open space; ultra-thin delicate lines; anime-inspired digital illustration; readable shapes with crisp edges; flat lighting with very gentle shading
0781,116021241478139,823558311259003,side elevation view of a desktop computer tower at a depot; simplified graphic mechanical forms; balanced composition with a few contextual elements; thin crisp linework; anime-inspired digital illustration; clean contours and simplified shading; even lighting with soft shading and almost no cast shadow
0782,263433430382198,634821548771340,seated pose in three-quarter view of a puppeteer in a tidy bedroom; captured in a candid pause; semi-realistic proportions; dense composition with layered details; thin crisp linework; storybook digital illustration; clean contours and simplified shading; soft diffuse lighting with minimal shadow and subtle shading
0783,377564417250987,389850016282372,side profile portrait of a swimmer in a rooftop; preparing for work; semi-realistic proportions; minimal composition with wide negative space; ultra-thin delicate lines; vector-like digital illustration; clear contour lines and readable silhouettes; soft diffuse lighting with minimal shadow and subtle shading
0784,788722929894187,164893540662032,running pose of a raccoon in a quiet room; semi-realistic anatomy; balanced composition with a few habitat elements; ultra-thin delicate lines; clean digital illustration; readable shapes with crisp edges; soft diffuse lighting with minimal shadow and subtle shading
0785,396226628520965,833296932002105,waist-up portrait of a puppeteer in a train platform; preparing for work; semi-realistic proportions; minimal composition with wide negative space; thin crisp linework; clean digital illustration; readable shapes with crisp edges; soft ambient lighting with restrained shading and minimal contrast
0786,527648597073946,485039246820823,fractal branches; banded horizontal composition; soft hand-drawn geometry; dense arrangement with many repeated forms; thin crisp linework; anime-inspired digital illustration; clear contour lines and readable silhouettes; soft ambient lighting with restrained shading and minimal contrast
0787,573462005611657,516307389114779,full-body standing pose at eye level of a dancer in a plain studio backdrop; looking at the viewer; semi-realistic proportions; balanced composition with a few supporting elements; ultra-thin delicate lines; storybook digital illustration; readable shapes with crisp edges; soft diffuse lighting with minimal shadow and subtle shading
0788,188323653270700,718591082900055,three-quarter tabletop view of paint tubes on a window sill; carefully arranged spread; observational proportions; balanced composition with a few supporting items; bold outer contours with simple inner lines; editorial digital illustration; well-separated forms and clean outlines; overcast-like even lighting and subtle shadow
0789,568793532002454,831804409388432,eye-level close view of travel souvenirs on a workshop bench; overlapping cluster; simplified graphic forms; balanced composition with a few supporting items; brush-like digital linework with clean edges; storybook digital illustration; well-separated forms and clean outlines; soft ambient lighting with restrained shading and minimal contrast
0790,244024122725924,782229687605181,side elevation view of a arcade cabinet against a clean backdrop; simplified graphic mechanical forms; minimal composition with a single clear subject; variable-width pen lines; anime-inspired digital illustration; clear contour lines and readable silhouettes; soft ambient lighting with restrained shading and minimal contrast
0791,697716079195730,629539178363261,sitting pose of a hedgehog near a wooden fence; strongly deformed cute anatomy; balanced composition with a few habitat elements; bold outer contours with simple inner lines; storybook digital illustration; clear contour lines and readable silhouettes; overcast-like even lighting and subtle shadow
0792,138161452584018,440418826964358,straight-on shelf view of a lantern on a concrete floor; exploded-view arrangement; simplified graphic forms; minimal composition with ample breathing room; precise technical contour lines; anime-inspired digital illustration; clean contours and simplified shading; even lighting with soft shading and almost no cast shadow
0793,268758903899596,110535340219409,side profile pose of a panda on a snowy field; strongly deformed cute anatomy; balanced composition with a few habitat elements; bold outer contours with simple inner lines; anime-inspired digital illustration; clean contours and simplified shading; flat lighting with very gentle shading
0794,570832464225221,277658666638491,low-angle heroic pose of a nurse in a plain studio backdrop; captured in a candid pause; semi-realistic proportions; minimal composition with wide negative space; bold outer contours with simple inner lines; stylized digital illustration; readable shapes with crisp edges; even lighting with soft shading and almost no cast shadow
0795,368090010489944,791241188746739,eye-level close view of pastries on a tray on a wooden desk; overlapping cluster; simplified graphic forms; dense composition with many small details; thin crisp linework; storybook digital illustration; clean contours and simplified shading; low-contrast lighting with soft shading and minimal shadow
0796,995698086553213,100518049056143,circuit-like pattern; radial composition; playful modular abstraction; sparse arrangement with generous negative space; ultra-thin delicate lines; clean digital illustration; clean contours and simplified shading; soft ambient lighting with restrained shading and minimal contrast
0797,252744543263896,360052284073620,sitting pose of a shiba inu in a quiet room; stylized anatomy; dense composition with layered habitat detail; rounded cartoon outlines; anime-inspired digital illustration; readable shapes with crisp edges; flat lighting with very gentle shading
0798,621767570751735,481939119730272,three-quarter perspective view of a marsh boardwalk; light mist; semi-realistic forms; minimal composition with broad open space; ultra-thin delicate lines; clean digital illustration; well-separated forms and clean outlines; soft diffuse lighting with minimal shadow and subtle shading
0799,539439720245390,453347688919899,low-angle foreground emphasis view of a island lighthouse; thin cloud cover; miniature-like stylization; balanced composition with clear foreground middle ground and background; precise technical contour lines; anime-inspired digital illustration; clean contours and simplified shading; soft diffuse lighting with minimal shadow and subtle shading
0800,766095414956760,825379062482958,three-quarter tabletop view of a desk fan on a window sill; shelf display arrangement; playful stylization; balanced composition with a few supporting items; bold outer contours with simple inner lines; storybook digital illustration; clean contours and simplified shading; flat lighting with very gentle shading
0801,309438687201157,434088690588779,top-down view of a coffee grinder in an open field; semi-realistic mechanical proportions; balanced composition with a few contextual elements; thin crisp linework; clean digital illustration; readable shapes with crisp edges; flat lighting with very gentle shading
0802,587131181923054,666802895613876,playful motion pose of a goat in tall grass; stylized anatomy; minimal composition with a clear silhouette; rounded cartoon outlines; stylized digital illustration; clean contours and simplified shading; low-contrast lighting with soft shading and minimal shadow
0803,825026662707230,285038564837327,high-angle overlook of a bamboo grove; light mist; storybook stylization; minimal composition with broad open space; bold outer contours with simple inner lines; storybook digital illustration; readable shapes with crisp edges; even lighting with soft shading and almost no cast shadow
0804,556723902973375,500171677247676,top-down view of a bulldozer on a quiet street; semi-realistic mechanical proportions; dense composition with many visible parts and props; variable-width pen lines; clean digital illustration; clear contour lines and readable silhouettes; low-contrast lighting with soft shading and minimal shadow
0805,898773225850317,977687245611295,side profile pose of a capybara in tall grass; stylized anatomy; balanced composition with a few habitat elements; medium-weight clean outlines; anime-inspired digital illustration; readable shapes with crisp edges; even lighting with soft shading and almost no cast shadow
0806,299676863724313,839592257355068,candid walking pose of a baker in a plain studio backdrop; slightly turning the body; strongly deformed cute proportions; balanced composition with a few supporting elements; precise technical contour lines; clean digital illustration; clean contours and simplified shading; low-contrast lighting with soft shading and minimal shadow
0807,896204624538188,317641135257605,mosaic tiles; radial composition; playful modular abstraction; balanced arrangement with moderate repetition; ultra-thin delicate lines; clean digital illustration; well-separated forms and clean outlines; even lighting with soft shading and almost no cast shadow
0808,948340393386611,679628237903788,close-up detail view of a bulldozer at a harbor; simplified graphic mechanical forms; balanced composition with a few contextual elements; variable-width pen lines; editorial digital illustration; clear contour lines and readable silhouettes; flat lighting with very gentle shading
0809,424911006345541,288704855773385,high-angle overlook of a market street; light mist; semi-realistic forms; dense composition with layered environmental detail; precise technical contour lines; clean digital illustration; readable shapes with crisp edges; overcast-like even lighting and subtle shadow
0810,931911642775967,439534976711801,close-up detail view of a fishing boat against a clean backdrop; retro-futuristic stylization; minimal composition with a single clear subject; variable-width pen lines; editorial digital illustration; well-separated forms and clean outlines; low-contrast lighting with soft shading and minimal shadow
0811,521032091459156,618804948239714,wide panoramic view of a industrial harbor; gentle spring haze; storybook stylization; balanced composition with clear foreground middle ground and background; thin crisp linework; storybook digital illustration; clean contours and simplified shading; soft ambient lighting with restrained shading and minimal contrast
0812,627052386576394,184817728841829,dynamic motion pose of a chef in a train platform; holding a relevant tool; stylized proportions; dense composition with layered details; ultra-thin delicate lines; clean digital illustration; clear contour lines and readable silhouettes; soft ambient lighting with restrained shading and minimal contrast
0813,995430850044541,254778675373571,eye-level travel sketch view of a greenhouse path; thin cloud cover; simplified graphic forms; balanced composition with clear foreground middle ground and background; medium-weight clean outlines; editorial digital illustration; well-separated forms and clean outlines; even lighting with soft shading and almost no cast shadow
0814,586152935198048,275325191282108,seated pose in three-quarter view of a baker in a cafe interior; holding a relevant tool; strongly deformed cute proportions; balanced composition with a few supporting elements; ultra-thin delicate lines; clean digital illustration; clean contours and simplified shading; soft diffuse lighting with minimal shadow and subtle shading
0815,155638958417156,930925844976175,eye-level close view of paint tubes on a kitchen counter; overlapping cluster; simplified graphic forms; balanced composition with a few supporting items; brush-like digital linework with clean edges; storybook digital illustration; clean contours and simplified shading; low-contrast lighting with soft shading and minimal shadow
0816,339909401903638,734914717734808,crystalline lattice; banded horizontal composition; playful modular abstraction; dense arrangement with many repeated forms; bold outer contours with simple inner lines; storybook digital illustration; well-separated forms and clean outlines; soft ambient lighting with restrained shading and minimal contrast
0817,700161250630310,462449251330107,front-facing pose of a goat in tall grass; stylized anatomy; minimal composition with a clear silhouette; rounded cartoon outlines; stylized digital illustration; clean contours and simplified shading; low-contrast lighting with soft shading and minimal shadow
0818,156016400385179,152156092808605,top-down view of a retro scooter on a station platform; retro-futuristic stylization; dense composition with many visible parts and props; thin crisp linework; anime-inspired digital illustration; clean contours and simplified shading; even lighting with soft shading and almost no cast shadow
0819,788207139332840,193536414854570,low-angle heroic pose of a blacksmith in a train platform; captured in a candid pause; strongly deformed cute proportions; dense composition with layered details; thin crisp linework; comic-influenced digital illustration; clean contours and simplified shading; soft diffuse lighting with minimal shadow and subtle shading
0820,114722263818028,265540011200219,standing pose of a koi fish in a garden; stylized anatomy; dense composition with layered habitat detail; bold outer contours with simple inner lines; anime-inspired digital illustration; clear contour lines and readable silhouettes; overcast-like even lighting and subtle shadow
0821,647415021722572,757016173674124,top-down view of a ticket machine inside a workshop; retro-futuristic stylization; minimal composition with a single clear subject; bold outer contours with simple inner lines; anime-inspired digital illustration; well-separated forms and clean outlines; even lighting with soft shading and almost no cast shadow
0822,120567606948547,981205725066368,nested triangles; banded horizontal composition; precise vector-like structure; sparse arrangement with generous negative space; rounded cartoon outlines; clean digital illustration; clean contours and simplified shading; low-contrast lighting with soft shading and minimal shadow
0823,385459984339938,866657093100527,three-quarter tabletop view of backpack contents on a kitchen counter; overlapping cluster; playful stylization; balanced composition with a few supporting items; bold outer contours with simple inner lines; storybook digital illustration; readable shapes with crisp edges; flat lighting with very gentle shading
0824,508474576888217,398982521285402,wide panoramic view of a lavender field; post-rain calm; simplified graphic forms; balanced composition with clear foreground middle ground and background; thin crisp linework; anime-inspired digital illustration; clean contours and simplified shading; soft diffuse lighting with minimal shadow and subtle shading
0825,393860049371528,662531195924887,three-quarter perspective view of a marsh boardwalk; soft overcast weather; storybook stylization; dense composition with layered environmental detail; brush-like digital linework with clean edges; storybook digital illustration; clean contours and simplified shading; overcast-like even lighting and subtle shadow
0826,966877766532609,822475500898239,playful motion pose of a raccoon in a quiet room; stylized anatomy; dense composition with layered habitat detail; rounded cartoon outlines; comic-influenced digital illustration; clean contours and simplified shading; flat lighting with very gentle shading
0827,657225526404695,237915326028417,side profile portrait of a librarian in a library aisle; preparing for work; semi-realistic proportions; balanced composition with a few supporting elements; rounded cartoon outlines; comic-influenced digital illustration; readable shapes with crisp edges; flat lighting with very gentle shading
0828,607825572715907,586745449717323,dynamic motion pose of a street photographer in a classroom; resting for a moment; semi-realistic proportions; dense composition with layered details; bold outer contours with simple inner lines; clean digital illustration; clear contour lines and readable silhouettes; overcast-like even lighting and subtle shadow
0829,520596003185019,792644025598743,sleeping pose of a otter in a forest path; semi-realistic anatomy; minimal composition with a clear silhouette; medium-weight clean outlines; anime-inspired digital illustration; readable shapes with crisp edges; even lighting with soft shading and almost no cast shadow
0830,658759101015806,565030164069053,wide panoramic view of a cave entrance; soft overcast weather; simplified graphic forms; minimal composition with broad open space; variable-width pen lines; anime-inspired digital illustration; readable shapes with crisp edges; overcast-like even lighting and subtle shadow
0831,694976737010824,215435486992124,front view of a food truck on a station platform; retro-futuristic stylization; dense composition with many visible parts and props; thin crisp linework; anime-inspired digital illustration; clear contour lines and readable silhouettes; soft diffuse lighting with minimal shadow and subtle shading
0832,600950914629958,762768768059060,low-angle heroic view of a ticket machine on a station platform; semi-realistic mechanical proportions; dense composition with many visible parts and props; rounded cartoon outlines; vector-like digital illustration; well-separated forms and clean outlines; flat lighting with very gentle shading
0833,689082726849821,986468247601564,low-angle foreground emphasis view of a old shrine approach; gentle spring haze; miniature-like stylization; balanced composition with clear foreground middle ground and background; variable-width pen lines; anime-inspired digital illustration; well-separated forms and clean outlines; low-contrast lighting with soft shading and minimal shadow
0834,976733937915992,295038019472886,eye-level close view of ceramic vases on a concrete floor; carefully arranged spread; diagram-like simplification; balanced composition with a few supporting items; variable-width pen lines; editorial digital illustration; clear contour lines and readable silhouettes; soft ambient lighting with restrained shading and minimal contrast
0835,734802318328292,696568148969746,radial petals; vertical poster composition; soft hand-drawn geometry; sparse arrangement with generous negative space; bold outer contours with simple inner lines; editorial digital illustration; well-separated forms and clean outlines; soft diffuse lighting with minimal shadow and subtle shading
0836,129687078461171,795332168062519,top-down view of sewing tools on a picnic cloth; carefully arranged spread; playful stylization; dense composition with many small details; rounded cartoon outlines; editorial digital illustration; clean contours and simplified shading; even lighting with soft shading and almost no cast shadow
0837,317459607309322,717814119242228,running pose of a hedgehog on a snowy field; semi-realistic anatomy; minimal composition with a clear silhouette; thin crisp linework; anime-inspired digital illustration; clean contours and simplified shading; soft ambient lighting with restrained shading and minimal contrast
0838,572980232050480,409264270460471,full-body standing pose at eye level of a hiker in a classroom; resting for a moment; strongly deformed cute proportions; balanced composition with a few supporting elements; bold outer contours with simple inner lines; storybook digital illustration; readable shapes with crisp edges; flat lighting with very gentle shading
0839,852111889961611,285579358164836,standing pose of a koala in a quiet room; strongly deformed cute anatomy; balanced composition with a few habitat elements; rounded cartoon outlines; storybook digital illustration; clean contours and simplified shading; low-contrast lighting with soft shading and minimal shadow
0840,974693376537669,193408314149884,folded planes; vertical poster composition; precise vector-like structure; sparse arrangement with generous negative space; precise technical contour lines; storybook digital illustration; readable shapes with crisp edges; soft ambient lighting with restrained shading and minimal contrast
0841,725256568220112,369915797397552,eye-level close view of plush toys on a bookstore counter; exploded-view arrangement; diagram-like simplification; balanced composition with a few supporting items; brush-like digital linework with clean edges; anime-inspired digital illustration; well-separated forms and clean outlines; low-contrast lighting with soft shading and minimal shadow
0842,629219606793338,765895159140408,eye-level close view of pastries on a tray on a picnic cloth; overlapping cluster; simplified graphic forms; minimal composition with ample breathing room; ultra-thin delicate lines; clean digital illustration; readable shapes with crisp edges; low-contrast lighting with soft shading and minimal shadow
0843,986705968107787,807504222484509,mosaic tiles; asymmetrical offset layout; precise vector-like structure; sparse arrangement with generous negative space; precise technical contour lines; storybook digital illustration; clear contour lines and readable silhouettes; soft diffuse lighting with minimal shadow and subtle shading
0844,397577109122025,659809123525088,straight-on shelf view of antique keys on a white tabletop; overlapping cluster; diagram-like simplification; dense composition with many small details; variable-width pen lines; clean digital illustration; well-separated forms and clean outlines; even lighting with soft shading and almost no cast shadow
0845,242881813206659,132084477832741,front-facing pose of a tiger in a forest path; stylized anatomy; balanced composition with a few habitat elements; bold outer contours with simple inner lines; vector-like digital illustration; readable shapes with crisp edges; flat lighting with very gentle shading
0846,417346263317387,102880762897414,eye-level close view of travel souvenirs on a window sill; shelf display arrangement; simplified graphic forms; dense composition with many small details; thin crisp linework; storybook digital illustration; clean contours and simplified shading; low-contrast lighting with soft shading and minimal shadow
0847,841313510786504,826937078697176,candid walking pose of a school student in a classroom; slightly turning the body; strongly deformed cute proportions; minimal composition with wide negative space; bold outer contours with simple inner lines; anime-inspired digital illustration; readable shapes with crisp edges; even lighting with soft shading and almost no cast shadow
0848,939405431633873,567565645555798,front view of a vending machine in an open field; semi-realistic mechanical proportions; dense composition with many visible parts and props; variable-width pen lines; clean digital illustration; clear contour lines and readable silhouettes; flat lighting with very gentle shading
0849,945677200747911,356367671765164,three-quarter tabletop view of sneakers on a workshop bench; exploded-view arrangement; observational proportions; minimal composition with ample breathing room; medium-weight clean outlines; editorial digital illustration; clean contours and simplified shading; soft ambient lighting with restrained shading and minimal contrast
0850,995363332148974,810906049665920,eye-level travel sketch view of a volcanic ridge; post-rain calm; simplified graphic forms; balanced composition with clear foreground middle ground and background; rounded cartoon outlines; editorial digital illustration; clear contour lines and readable silhouettes; low-contrast lighting with soft shading and minimal shadow
0851,306101285710293,553946138363592,low-angle heroic view of a seaplane in an open field; simplified graphic mechanical forms; dense composition with many visible parts and props; brush-like digital linework with clean edges; comic-influenced digital illustration; well-separated forms and clean outlines; flat lighting with very gentle shading
0852,434136245057833,648036162553239,concentric circles; vertical poster composition; diagrammatic construction; sparse arrangement with generous negative space; ultra-thin delicate lines; anime-inspired digital illustration; well-separated forms and clean outlines; overcast-like even lighting and subtle shadow
0853,244612789601009,719117326190750,running pose of a capybara against a plain backdrop; semi-realistic anatomy; minimal composition with a clear silhouette; medium-weight clean outlines; storybook digital illustration; clean contours and simplified shading; overcast-like even lighting and subtle shadow
0854,305765477096722,180093826680921,seated pose in three-quarter view of a motor mechanic in a tidy bedroom; looking at the viewer; stylized proportions; balanced composition with a few supporting elements; bold outer contours with simple inner lines; clean digital illustration; clean contours and simplified shading; flat lighting with very gentle shading
0855,915908527991516,317540432903805,seated pose in three-quarter view of a barista in a library aisle; captured in a candid pause; strongly deformed cute proportions; dense composition with layered details; thin crisp linework; storybook digital illustration; clear contour lines and readable silhouettes; soft diffuse lighting with minimal shadow and subtle shading
0856,362709858736114,481848301275608,low-angle foreground emphasis view of a salt flat; soft overcast weather; storybook stylization; dense composition with layered environmental detail; variable-width pen lines; clean digital illustration; readable shapes with crisp edges; overcast-like even lighting and subtle shadow
0857,665308048115070,358650049833818,paper-cut layers; repeating all-over pattern; diagrammatic construction; dense arrangement with many repeated forms; ultra-thin delicate lines; editorial digital illustration; clear contour lines and readable silhouettes; flat lighting with very gentle shading
0858,318249106218352,727329078042468,high-angle casual pose of a astronaut trainee in an alleyway; mid-action with a small gesture; strongly deformed cute proportions; minimal composition with wide negative space; thin crisp linework; stylized digital illustration; clean contours and simplified shading; soft ambient lighting with restrained shading and minimal contrast
0859,377632558165673,128973606347747,three-quarter front view of a space rover on a quiet street; playful cartoon engineering; balanced composition with a few contextual elements; precise technical contour lines; storybook digital illustration; clean contours and simplified shading; soft ambient lighting with restrained shading and minimal contrast
0860,160194257611976,250376262917714,eye-level travel sketch view of a tea plantation; soft overcast weather; simplified graphic forms; dense composition with layered environmental detail; rounded cartoon outlines; editorial digital illustration; clear contour lines and readable silhouettes; soft ambient lighting with restrained shading and minimal contrast
0861,792481437120583,697509212903019,low-angle foreground emphasis view of a cave entrance; soft overcast weather; simplified graphic forms; minimal composition with broad open space; brush-like digital linework with clean edges; editorial digital illustration; readable shapes with crisp edges; overcast-like even lighting and subtle shadow
0862,869851789845749,634941912544803,close-up detail view of a coffee grinder at a depot; semi-realistic mechanical proportions; balanced composition with a few contextual elements; precise technical contour lines; clean digital illustration; clear contour lines and readable silhouettes; soft ambient lighting with restrained shading and minimal contrast
0863,926523609063996,465981282984388,constellation diagram; repeating all-over pattern; precise vector-like structure; sparse arrangement with generous negative space; ultra-thin delicate lines; clean digital illustration; clean contours and simplified shading; low-contrast lighting with soft shading and minimal shadow
0864,466850385258892,184822118351584,low-angle heroic pose of a ceramic artist in an alleyway; holding a relevant tool; strongly deformed cute proportions; minimal composition with wide negative space; medium-weight clean outlines; stylized digital illustration; readable shapes with crisp edges; soft diffuse lighting with minimal shadow and subtle shading
0865,629951353712710,451771979949739,top-down view of a vending machine inside a workshop; semi-realistic mechanical proportions; balanced composition with a few contextual elements; rounded cartoon outlines; storybook digital illustration; clean contours and simplified shading; overcast-like even lighting and subtle shadow
0866,311369458315473,346364541642589,side elevation view of a ticket machine on a station platform; playful cartoon engineering; balanced composition with a few contextual elements; variable-width pen lines; clean digital illustration; clear contour lines and readable silhouettes; overcast-like even lighting and subtle shadow
0867,589160012719644,156698098532156,seated pose in three-quarter view of a beekeeper in an alleyway; captured in a candid pause; strongly deformed cute proportions; dense composition with layered details; rounded cartoon outlines; storybook digital illustration; clean contours and simplified shading; flat lighting with very gentle shading
0868,856459349959228,843001280467874,seated pose in three-quarter view of a field scientist in a rooftop; captured in a candid pause; strongly deformed cute proportions; dense composition with layered details; medium-weight clean outlines; storybook digital illustration; readable shapes with crisp edges; overcast-like even lighting and subtle shadow
0869,638805888377105,281972976076951,dynamic motion pose of a baker in a tidy bedroom; looking at the viewer; semi-realistic proportions; minimal composition with wide negative space; rounded cartoon outlines; storybook digital illustration; readable shapes with crisp edges; low-contrast lighting with soft shading and minimal shadow
0870,920881058411672,956767956415941,low-angle heroic pose of a swimmer in a riverside promenade; resting for a moment; stylized proportions; minimal composition with wide negative space; precise technical contour lines; stylized digital illustration; readable shapes with crisp edges; flat lighting with very gentle shading
0871,158760786332833,349471531541223,woven bands; diagonal sweeping composition; precise vector-like structure; sparse arrangement with generous negative space; rounded cartoon outlines; clean digital illustration; clear contour lines and readable silhouettes; soft ambient lighting with restrained shading and minimal contrast
0872,522877427605862,206555816738955,long shot with deep background of a suburban street; gentle spring haze; miniature-like stylization; balanced composition with clear foreground middle ground and background; variable-width pen lines; anime-inspired digital illustration; clean contours and simplified shading; flat lighting with very gentle shading
0873,592444264834070,342745866122678,running pose of a goat against a plain backdrop; semi-realistic anatomy; minimal composition with a clear silhouette; bold outer contours with simple inner lines; anime-inspired digital illustration; clear contour lines and readable silhouettes; even lighting with soft shading and almost no cast shadow
0874,486159572763984,950133823831036,looking back pose of a lizard beside a pond; stylized anatomy; balanced composition with a few habitat elements; ultra-thin delicate lines; comic-influenced digital illustration; clear contour lines and readable silhouettes; soft ambient lighting with restrained shading and minimal contrast
0875,627306458950324,773236477495605,waist-up portrait of a motor mechanic in a plain studio backdrop; mid-action with a small gesture; stylized proportions; balanced composition with a few supporting elements; precise technical contour lines; storybook digital illustration; clean contours and simplified shading; low-contrast lighting with soft shading and minimal shadow
0876,221421587360257,924281813901181,three-quarter tabletop view of a toy robot on a picnic cloth; exploded-view arrangement; observational proportions; balanced composition with a few supporting items; ultra-thin delicate lines; anime-inspired digital illustration; well-separated forms and clean outlines; overcast-like even lighting and subtle shadow
0877,873656174584469,800887015614762,looking back pose of a golden retriever on a snowy field; stylized anatomy; dense composition with layered habitat detail; variable-width pen lines; stylized digital illustration; clear contour lines and readable silhouettes; even lighting with soft shading and almost no cast shadow
0878,326069091006896,949440880234172,modular stair steps; radial composition; playful modular abstraction; balanced arrangement with moderate repetition; rounded cartoon outlines; clean digital illustration; clear contour lines and readable silhouettes; low-contrast lighting with soft shading and minimal shadow
0879,380038259261479,742515204724633,straight-on shelf view of cosmetics on a tatami mat; overlapping cluster; diagram-like simplification; balanced composition with a few supporting items; rounded cartoon outlines; storybook digital illustration; well-separated forms and clean outlines; flat lighting with very gentle shading
0880,717633342600612,206211669534893,side elevation view of a seaplane in a garage; semi-realistic mechanical proportions; balanced composition with a few contextual elements; brush-like digital linework with clean edges; storybook digital illustration; well-separated forms and clean outlines; low-contrast lighting with soft shading and minimal shadow
0881,431876184251662,459231736802254,playful motion pose of a panda in a meadow; strongly deformed cute anatomy; dense composition with layered habitat detail; thin crisp linework; comic-influenced digital illustration; clear contour lines and readable silhouettes; soft diffuse lighting with minimal shadow and subtle shading
0882,116825542918618,213090806852599,wide panoramic view of a rooftop skyline; light mist; miniature-like stylization; minimal composition with broad open space; medium-weight clean outlines; editorial digital illustration; clean contours and simplified shading; flat lighting with very gentle shading
0883,749438477577511,165774014288438,gears and cogs; diagonal sweeping composition; precise vector-like structure; sparse arrangement with generous negative space; medium-weight clean outlines; clean digital illustration; readable shapes with crisp edges; flat lighting with very gentle shading
0884,820618511772626,356281206558344,fractal branches; repeating all-over pattern; precise vector-like structure; sparse arrangement with generous negative space; medium-weight clean outlines; clean digital illustration; clean contours and simplified shading; overcast-like even lighting and subtle shadow
0885,109018025046044,280502464115868,running pose of a crane near a wooden fence; stylized anatomy; balanced composition with a few habitat elements; medium-weight clean outlines; clean digital illustration; readable shapes with crisp edges; even lighting with soft shading and almost no cast shadow
0886,366332389579277,509730282088041,eye-level close view of a stationery set on a kitchen counter; overlapping cluster; simplified graphic forms; balanced composition with a few supporting items; brush-like digital linework with clean edges; storybook digital illustration; readable shapes with crisp edges; flat lighting with very gentle shading
0887,483703453273550,983017536428181,eye-level close view of a stationery set on a concrete floor; shelf display arrangement; simplified graphic forms; balanced composition with a few supporting items; brush-like digital linework with clean edges; storybook digital illustration; clean contours and simplified shading; even lighting with soft shading and almost no cast shadow
0888,526074258491502,845409243882974,sleeping pose of a lion beside a pond; semi-realistic anatomy; minimal composition with a clear silhouette; variable-width pen lines; anime-inspired digital illustration; clean contours and simplified shading; overcast-like even lighting and subtle shadow
0889,257929937370487,595208354519501,full-body standing pose at eye level of a manga assistant in an alleyway; looking at the viewer; semi-realistic proportions; balanced composition with a few supporting elements; rounded cartoon outlines; storybook digital illustration; clean contours and simplified shading; low-contrast lighting with soft shading and minimal shadow
0890,239656441944212,626043711487607,eye-level travel sketch view of a cave entrance; clear morning air; storybook stylization; dense composition with layered environmental detail; ultra-thin delicate lines; clean digital illustration; clear contour lines and readable silhouettes; flat lighting with very gentle shading
0891,575560562541601,588996622038563,three-quarter tabletop view of sneakers on a picnic cloth; shelf display arrangement; playful stylization; balanced composition with a few supporting items; bold outer contours with simple inner lines; storybook digital illustration; clean contours and simplified shading; flat lighting with very gentle shading
0892,183317462758379,384937916602965,low-angle foreground emphasis view of a desert canyon; gentle spring haze; miniature-like stylization; balanced composition with clear foreground middle ground and background; variable-width pen lines; anime-inspired digital illustration; clean contours and simplified shading; soft diffuse lighting with minimal shadow and subtle shading
0893,525148514781929,865990431543351,top-down view of ceramic vases on a workshop bench; overlapping cluster; observational proportions; dense composition with many small details; thin crisp linework; storybook digital illustration; clean contours and simplified shading; soft ambient lighting with restrained shading and minimal contrast
0894,623698685732124,815759850700060,playful motion pose of a alpaca in a forest path; semi-realistic anatomy; minimal composition with a clear silhouette; medium-weight clean outlines; stylized digital illustration; clear contour lines and readable silhouettes; even lighting with soft shading and almost no cast shadow
0895,952792815349536,916660055649267,running pose of a crane on a snowy field; stylized anatomy; minimal composition with a clear silhouette; precise technical contour lines; anime-inspired digital illustration; readable shapes with crisp edges; flat lighting with very gentle shading
0896,710267085641050,391250318654788,crystalline lattice; diagonal sweeping composition; precise vector-like structure; balanced arrangement with moderate repetition; ultra-thin delicate lines; clean digital illustration; clear contour lines and readable silhouettes; low-contrast lighting with soft shading and minimal shadow
0897,892555032476295,742540594352345,eye-level close view of travel souvenirs on a bookstore counter; carefully arranged spread; diagram-like simplification; dense composition with many small details; rounded cartoon outlines; editorial digital illustration; well-separated forms and clean outlines; low-contrast lighting with soft shading and minimal shadow
0898,288884064917441,513092661932200,seated pose in three-quarter view of a hiker in an alleyway; holding a relevant tool; semi-realistic proportions; balanced composition with a few supporting elements; medium-weight clean outlines; clean digital illustration; clean contours and simplified shading; even lighting with soft shading and almost no cast shadow
0899,948423472160432,668532863147247,side profile portrait of a mountain monk in a library aisle; looking away thoughtfully; strongly deformed cute proportions; balanced composition with a few supporting elements; rounded cartoon outlines; comic-influenced digital illustration; clean contours and simplified shading; flat lighting with very gentle shading
0900,785910249336053,413344842310666,eye-level travel sketch view of a salt flat; post-rain calm; simplified graphic forms; balanced composition with clear foreground middle ground and background; rounded cartoon outlines; editorial digital illustration; well-separated forms and clean outlines; soft ambient lighting with restrained shading and minimal contrast
0901,222481387071080,530412547994852,sitting pose of a zebra near a wooden fence; semi-realistic anatomy; dense composition with layered habitat detail; rounded cartoon outlines; anime-inspired digital illustration; clean contours and simplified shading; flat lighting with very gentle shading
0902,132074726391431,382807154420148,full-body standing pose at eye level of a ceramic artist in a tidy bedroom; looking at the viewer; strongly deformed cute proportions; balanced composition with a few supporting elements; bold outer contours with simple inner lines; storybook digital illustration; clean contours and simplified shading; flat lighting with very gentle shading
0903,219413782819229,988833832871070,organic cell shapes; diagonal sweeping composition; diagrammatic construction; dense arrangement with many repeated forms; rounded cartoon outlines; editorial digital illustration; readable shapes with crisp edges; low-contrast lighting with soft shading and minimal shadow
0904,700154642410450,854482477221700,long shot with deep background of a snowy village; soft overcast weather; miniature-like stylization; dense composition with layered environmental detail; thin crisp linework; anime-inspired digital illustration; clean contours and simplified shading; soft diffuse lighting with minimal shadow and subtle shading
0905,573779476678609,894384466605721,low-angle foreground emphasis view of a greenhouse path; gentle spring haze; miniature-like stylization; balanced composition with clear foreground middle ground and background; variable-width pen lines; anime-inspired digital illustration; well-separated forms and clean outlines; flat lighting with very gentle shading
0906,705976430353488,644004806677036,playful motion pose of a hedgehog in a forest path; semi-realistic anatomy; balanced composition with a few habitat elements; bold outer contours with simple inner lines; vector-like digital illustration; clean contours and simplified shading; overcast-like even lighting and subtle shadow
0907,331325392410071,729597985144149,bubbles and rings; centered symmetrical layout; soft hand-drawn geometry; sparse arrangement with generous negative space; ultra-thin delicate lines; anime-inspired digital illustration; well-separated forms and clean outlines; soft diffuse lighting with minimal shadow and subtle shading
0908,288713866764256,239392290338475,running pose of a capybara in a garden; stylized anatomy; minimal composition with a clear silhouette; ultra-thin delicate lines; anime-inspired digital illustration; clean contours and simplified shading; soft diffuse lighting with minimal shadow and subtle shading
0909,415746816877773,276582755206538,long shot with deep background of a lavender field; thin cloud cover; miniature-like stylization; balanced composition with clear foreground middle ground and background; precise technical contour lines; anime-inspired digital illustration; clear contour lines and readable silhouettes; flat lighting with very gentle shading
0910,696211161497943,398689874517091,high-angle overlook of a industrial harbor; soft overcast weather; semi-realistic forms; minimal composition with broad open space; rounded cartoon outlines; clean digital illustration; clean contours and simplified shading; overcast-like even lighting and subtle shadow
0911,115454273693463,363676804328363,offset squares; radial composition; diagrammatic construction; balanced arrangement with moderate repetition; thin crisp linework; anime-inspired digital illustration; clean contours and simplified shading; soft diffuse lighting with minimal shadow and subtle shading
0912,321108933719895,384632216917286,high-angle overlook of a canal town; thin cloud cover; simplified graphic forms; balanced composition with clear foreground middle ground and background; precise technical contour lines; anime-inspired digital illustration; clear contour lines and readable silhouettes; low-contrast lighting with soft shading and minimal shadow
0913,498512735811705,320287291156819,dynamic motion pose of a train conductor in a library aisle; resting for a moment; semi-realistic proportions; balanced composition with a few supporting elements; ultra-thin delicate lines; anime-inspired digital illustration; clean contours and simplified shading; soft diffuse lighting with minimal shadow and subtle shading
0914,359875802887976,668882183683739,high-angle overlook of a rice terrace; clear morning air; storybook stylization; dense composition with layered environmental detail; bold outer contours with simple inner lines; storybook digital illustration; readable shapes with crisp edges; low-contrast lighting with soft shading and minimal shadow
0915,276309440499256,529280948919752,organic cell shapes; diagonal sweeping composition; soft hand-drawn geometry; balanced arrangement with moderate repetition; precise technical contour lines; anime-inspired digital illustration; well-separated forms and clean outlines; soft ambient lighting with restrained shading and minimal contrast
0916,278614600217546,240917692142877,dynamic motion pose of a beekeeper in a tidy bedroom; resting for a moment; strongly deformed cute proportions; balanced composition with a few supporting elements; variable-width pen lines; anime-inspired digital illustration; clean contours and simplified shading; overcast-like even lighting and subtle shadow
0917,248690859341651,288866119488743,playful motion pose of a koala against a plain backdrop; semi-realistic anatomy; minimal composition with a clear silhouette; rounded cartoon outlines; stylized digital illustration; clear contour lines and readable silhouettes; low-contrast lighting with soft shading and minimal shadow
0918,238705605589009,927916980384345,topographic contour lines; vertical poster composition; soft hand-drawn geometry; sparse arrangement with generous negative space; brush-like digital linework with clean edges; editorial digital illustration; readable shapes with crisp edges; even lighting with soft shading and almost no cast shadow
0919,588884619621910,462348087751923,dynamic motion pose of a beekeeper in a classroom; resting for a moment; semi-realistic proportions; dense composition with layered details; medium-weight clean outlines; clean digital illustration; readable shapes with crisp edges; overcast-like even lighting and subtle shadow
0920,580115124321626,229696107067710,waist-up portrait of a mountain monk in a cafe interior; slightly turning the body; stylized proportions; balanced composition with a few supporting elements; medium-weight clean outlines; storybook digital illustration; clear contour lines and readable silhouettes; soft ambient lighting with restrained shading and minimal contrast
0921,623334253587048,207744944739688,circuit-like pattern; repeating all-over pattern; precise vector-like structure; dense arrangement with many repeated forms; ultra-thin delicate lines; clean digital illustration; clear contour lines and readable silhouettes; flat lighting with very gentle shading
0922,966954817471787,525097012798338,waist-up portrait of a office worker in a classroom; preparing for work; strongly deformed cute proportions; balanced composition with a few supporting elements; thin crisp linework; storybook digital illustration; clear contour lines and readable silhouettes; soft diffuse lighting with minimal shadow and subtle shading
0923,983073845960353,375350333916343,leaf-vein abstraction; asymmetrical offset layout; playful modular abstraction; sparse arrangement with generous negative space; ultra-thin delicate lines; clean digital illustration; clean contours and simplified shading; overcast-like even lighting and subtle shadow
0924,580746218875776,637825217006914,straight-on shelf view of a toy robot on a picnic cloth; shelf display arrangement; diagram-like simplification; balanced composition with a few supporting items; rounded cartoon outlines; storybook digital illustration; clean contours and simplified shading; soft diffuse lighting with minimal shadow and subtle shading
0925,717976375431964,289883226736251,sliced cylinders; asymmetrical offset layout; soft hand-drawn geometry; dense arrangement with many repeated forms; medium-weight clean outlines; editorial digital illustration; clear contour lines and readable silhouettes; soft ambient lighting with restrained shading and minimal contrast
0926,544592242556146,523658907454816,long shot with deep background of a market street; light mist; miniature-like stylization; dense composition with layered environmental detail; bold outer contours with simple inner lines; anime-inspired digital illustration; clear contour lines and readable silhouettes; soft ambient lighting with restrained shading and minimal contrast
0927,290016532682827,932950529385269,low-angle heroic pose of a hiker in a cafe interior; resting for a moment; stylized proportions; balanced composition with a few supporting elements; thin crisp linework; vector-like digital illustration; clean contours and simplified shading; soft ambient lighting with restrained shading and minimal contrast
0928,859829250451200,233477992918816,sleeping pose of a capybara on a rocky shore; semi-realistic anatomy; minimal composition with a clear silhouette; ultra-thin delicate lines; anime-inspired digital illustration; clear contour lines and readable silhouettes; soft diffuse lighting with minimal shadow and subtle shading
0929,417766417525959,519151807822737,high-angle overlook of a volcanic ridge; light mist; simplified graphic forms; minimal composition with broad open space; precise technical contour lines; anime-inspired digital illustration; clean contours and simplified shading; even lighting with soft shading and almost no cast shadow
0930,901632855193517,768871871950055,long shot with deep background of a island lighthouse; thin cloud cover; simplified graphic forms; balanced composition with clear foreground middle ground and background; medium-weight clean outlines; editorial digital illustration; readable shapes with crisp edges; even lighting with soft shading and almost no cast shadow
0931,928582257858853,596226362432432,candid walking pose of a puppeteer in a library aisle; slightly turning the body; strongly deformed cute proportions; minimal composition with wide negative space; variable-width pen lines; anime-inspired digital illustration; clear contour lines and readable silhouettes; overcast-like even lighting and subtle shadow
0932,751645476988557,687416638518300,three-quarter tabletop view of a stack of books on a window sill; shelf display arrangement; playful stylization; dense composition with many small details; brush-like digital linework with clean edges; storybook digital illustration; well-separated forms and clean outlines; overcast-like even lighting and subtle shadow
0933,400356718181497,293982458550107,side profile portrait of a office worker in a riverside promenade; mid-action with a small gesture; stylized proportions; minimal composition with wide negative space; thin crisp linework; vector-like digital illustration; clear contour lines and readable silhouettes; soft ambient lighting with restrained shading and minimal contrast
0934,414577180040645,506296465382292,eye-level close view of perfume bottles on a studio shelf; diagonal arrangement across the frame; diagram-like simplification; balanced composition with a few supporting items; brush-like digital linework with clean edges; anime-inspired digital illustration; clear contour lines and readable silhouettes; soft ambient lighting with restrained shading and minimal contrast
0935,867435639359549,781560111754552,crystalline lattice; asymmetrical offset layout; playful modular abstraction; balanced arrangement with moderate repetition; ultra-thin delicate lines; clean digital illustration; clear contour lines and readable silhouettes; soft diffuse lighting with minimal shadow and subtle shading
0936,737595395518353,674387350138253,front view of a portable radio against a clean backdrop; semi-realistic mechanical proportions; minimal composition with a single clear subject; variable-width pen lines; clean digital illustration; readable shapes with crisp edges; flat lighting with very gentle shading
0937,635323450038005,319337486052648,checker wave; radial composition; soft hand-drawn geometry; dense arrangement with many repeated forms; ultra-thin delicate lines; editorial digital illustration; readable shapes with crisp edges; soft diffuse lighting with minimal shadow and subtle shading
0938,776998131372101,271546873697595,dynamic motion pose of a school student in a train platform; resting for a moment; strongly deformed cute proportions; balanced composition with a few supporting elements; precise technical contour lines; anime-inspired digital illustration; readable shapes with crisp edges; flat lighting with very gentle shading
0939,420635035065545,382179358049433,knotwork bands; centered symmetrical layout; precise vector-like structure; balanced arrangement with moderate repetition; variable-width pen lines; clean digital illustration; clear contour lines and readable silhouettes; low-contrast lighting with soft shading and minimal shadow
0940,670651259573458,352920573766650,sleeping pose of a elephant in a quiet room; stylized anatomy; minimal composition with a clear silhouette; thin crisp linework; anime-inspired digital illustration; clear contour lines and readable silhouettes; soft ambient lighting with restrained shading and minimal contrast
0941,162461790673942,582979662035654,top-down view of a seaplane on a station platform; simplified graphic mechanical forms; balanced composition with a few contextual elements; variable-width pen lines; editorial digital illustration; readable shapes with crisp edges; soft ambient lighting with restrained shading and minimal contrast
0942,328175963962404,487110516005100,close-up detail view of a steam locomotive in a garage; simplified graphic mechanical forms; balanced composition with a few contextual elements; variable-width pen lines; editorial digital illustration; readable shapes with crisp edges; low-contrast lighting with soft shading and minimal shadow
0943,174282141068347,724695361374173,side profile pose of a rabbit in a garden; semi-realistic anatomy; minimal composition with a clear silhouette; bold outer contours with simple inner lines; storybook digital illustration; clean contours and simplified shading; even lighting with soft shading and almost no cast shadow
0944,875236861661858,158470487476955,candid walking pose of a field scientist in a train platform; slightly turning the body; semi-realistic proportions; dense composition with layered details; bold outer contours with simple inner lines; storybook digital illustration; clear contour lines and readable silhouettes; low-contrast lighting with soft shading and minimal shadow
0945,953681593921498,336325507618874,front-facing pose of a goat in tall grass; strongly deformed cute anatomy; balanced composition with a few habitat elements; thin crisp linework; comic-influenced digital illustration; readable shapes with crisp edges; soft diffuse lighting with minimal shadow and subtle shading
0946,556798552471461,640058307675258,dynamic motion pose of a baker in a rooftop; captured in a candid pause; stylized proportions; minimal composition with wide negative space; ultra-thin delicate lines; storybook digital illustration; clean contours and simplified shading; soft diffuse lighting with minimal shadow and subtle shading
0947,497320131647028,302944515701408,side profile pose of a alpaca in a quiet room; strongly deformed cute anatomy; balanced composition with a few habitat elements; bold outer contours with simple inner lines; anime-inspired digital illustration; readable shapes with crisp edges; flat lighting with very gentle shading
0948,758102505132012,173933435237882,side elevation view of a food truck in a garage; simplified graphic mechanical forms; minimal composition with a single clear subject; medium-weight clean outlines; editorial digital illustration; well-separated forms and clean outlines; even lighting with soft shading and almost no cast shadow
0949,915722364377481,890889251666210,high-angle overlook of a harbor; light mist; semi-realistic forms; minimal composition with broad open space; ultra-thin delicate lines; clean digital illustration; readable shapes with crisp edges; flat lighting with very gentle shading
0950,300395152649738,189382446946637,eye-level travel sketch view of a observatory hill; gentle spring haze; simplified graphic forms; balanced composition with clear foreground middle ground and background; brush-like digital linework with clean edges; editorial digital illustration; clear contour lines and readable silhouettes; low-contrast lighting with soft shading and minimal shadow
0951,407525749410685,454976593476879,straight-on shelf view of a teacup and saucer on a white tabletop; single centered arrangement; diagram-like simplification; minimal composition with ample breathing room; medium-weight clean outlines; storybook digital illustration; clean contours and simplified shading; flat lighting with very gentle shading
0952,354396100351850,774715355339973,standing pose of a frog beside a pond; strongly deformed cute anatomy; dense composition with layered habitat detail; bold outer contours with simple inner lines; anime-inspired digital illustration; clear contour lines and readable silhouettes; overcast-like even lighting and subtle shadow
0953,427853980161021,163922350171823,side profile portrait of a manga assistant in a greenhouse; mid-action with a small gesture; stylized proportions; minimal composition with wide negative space; rounded cartoon outlines; vector-like digital illustration; readable shapes with crisp edges; low-contrast lighting with soft shading and minimal shadow
0954,718898057306216,590710469327157,candid walking pose of a boxer in a classroom; mid-action with a small gesture; semi-realistic proportions; minimal composition with wide negative space; medium-weight clean outlines; anime-inspired digital illustration; clean contours and simplified shading; even lighting with soft shading and almost no cast shadow
0955,666738368218915,360569153582482,close-up detail view of a delivery van at a depot; simplified graphic mechanical forms; minimal composition with a single clear subject; medium-weight clean outlines; anime-inspired digital illustration; clean contours and simplified shading; overcast-like even lighting and subtle shadow
0956,986434946884052,186907689068633,three-quarter front view of a camera drone at a harbor; retro-futuristic stylization; minimal composition with a single clear subject; precise technical contour lines; anime-inspired digital illustration; clear contour lines and readable silhouettes; overcast-like even lighting and subtle shadow
0957,384677725680786,511887711979059,eye-level travel sketch view of a harbor; gentle spring haze; storybook stylization; balanced composition with clear foreground middle ground and background; rounded cartoon outlines; clean digital illustration; well-separated forms and clean outlines; soft ambient lighting with restrained shading and minimal contrast
0958,543482625875437,153015971104566,three-quarter tabletop view of guitar pedals on a studio shelf; diagonal arrangement across the frame; observational proportions; balanced composition with a few supporting items; ultra-thin delicate lines; anime-inspired digital illustration; well-separated forms and clean outlines; flat lighting with very gentle shading
0959,507961650553552,340406176665030,playful motion pose of a seal in tall grass; stylized anatomy; dense composition with layered habitat detail; precise technical contour lines; comic-influenced digital illustration; clear contour lines and readable silhouettes; low-contrast lighting with soft shading and minimal shadow
0960,390629455541543,882765855322462,top-down view of a stationery set on a concrete floor; exploded-view arrangement; playful stylization; minimal composition with ample breathing room; bold outer contours with simple inner lines; anime-inspired digital illustration; clear contour lines and readable silhouettes; soft diffuse lighting with minimal shadow and subtle shading
0961,650145404799548,536249346946310,fractal branches; asymmetrical offset layout; diagrammatic construction; balanced arrangement with moderate repetition; variable-width pen lines; anime-inspired digital illustration; well-separated forms and clean outlines; flat lighting with very gentle shading
0962,260570345483042,728907805465403,bubbles and rings; diagonal sweeping composition; soft hand-drawn geometry; balanced arrangement with moderate repetition; thin crisp linework; anime-inspired digital illustration; clean contours and simplified shading; even lighting with soft shading and almost no cast shadow
0963,141888711519619,589172099858563,gears and cogs; radial composition; precise vector-like structure; dense arrangement with many repeated forms; brush-like digital linework with clean edges; storybook digital illustration; clear contour lines and readable silhouettes; low-contrast lighting with soft shading and minimal shadow
0964,755588674999852,732689288929301,long shot with deep background of a medieval alley; light mist; simplified graphic forms; dense composition with layered environmental detail; ultra-thin delicate lines; editorial digital illustration; clean contours and simplified shading; soft ambient lighting with restrained shading and minimal contrast
0965,637307592616212,219845373340137,front-facing pose of a shiba inu in a garden; stylized anatomy; balanced composition with a few habitat elements; rounded cartoon outlines; vector-like digital illustration; readable shapes with crisp edges; low-contrast lighting with soft shading and minimal shadow
0966,689353467957936,658561106624626,seated pose in three-quarter view of a florist in a cafe interior; captured in a candid pause; semi-realistic proportions; minimal composition with wide negative space; variable-width pen lines; anime-inspired digital illustration; clear contour lines and readable silhouettes; overcast-like even lighting and subtle shadow
0967,683830977612816,271995178676360,top-down view of potted herbs on a bookstore counter; single centered arrangement; observational proportions; minimal composition with ample breathing room; precise technical contour lines; storybook digital illustration; clean contours and simplified shading; even lighting with soft shading and almost no cast shadow
0968,426089166700720,789695232275410,three-quarter tabletop view of potted herbs on a wooden desk; shelf display arrangement; playful stylization; dense composition with many small details; variable-width pen lines; clean digital illustration; clean contours and simplified shading; soft ambient lighting with restrained shading and minimal contrast
0969,754034995673003,272162940257117,modular stair steps; centered symmetrical layout; precise vector-like structure; sparse arrangement with generous negative space; medium-weight clean outlines; clean digital illustration; readable shapes with crisp edges; soft diffuse lighting with minimal shadow and subtle shading
0970,315728100528931,117827618126714,side elevation view of a forklift on a quiet street; playful cartoon engineering; balanced composition with a few contextual elements; brush-like digital linework with clean edges; storybook digital illustration; clear contour lines and readable silhouettes; overcast-like even lighting and subtle shadow
0971,736399198422020,427280579815673,long shot with deep background of a medieval alley; clear morning air; semi-realistic forms; dense composition with layered environmental detail; bold outer contours with simple inner lines; storybook digital illustration; clear contour lines and readable silhouettes; flat lighting with very gentle shading
0972,394862741609437,828697023220770,looking back pose of a seal on a rocky shore; stylized anatomy; minimal composition with a clear silhouette; ultra-thin delicate lines; vector-like digital illustration; readable shapes with crisp edges; soft diffuse lighting with minimal shadow and subtle shading
0973,850911829350018,846537587802845,hexagonal tessellation; asymmetrical offset layout; playful modular abstraction; balanced arrangement with moderate repetition; rounded cartoon outlines; clean digital illustration; clear contour lines and readable silhouettes; overcast-like even lighting and subtle shadow
0974,258482460220932,949732197616468,stacked capsules; vertical poster composition; diagrammatic construction; dense arrangement with many repeated forms; precise technical contour lines; anime-inspired digital illustration; well-separated forms and clean outlines; overcast-like even lighting and subtle shadow
0975,885952073326144,394931456255176,front view of a city bicycle inside a workshop; retro-futuristic stylization; dense composition with many visible parts and props; thin crisp linework; anime-inspired digital illustration; clear contour lines and readable silhouettes; overcast-like even lighting and subtle shadow
0976,884313317455361,896062813999973,top-down view of a arcade cabinet at a depot; playful cartoon engineering; minimal composition with a single clear subject; medium-weight clean outlines; storybook digital illustration; clean contours and simplified shading; even lighting with soft shading and almost no cast shadow
0977,159670450540625,714853062843336,three-quarter front view of a cassette player inside a workshop; playful cartoon engineering; balanced composition with a few contextual elements; medium-weight clean outlines; clean digital illustration; clean contours and simplified shading; flat lighting with very gentle shading
0978,245959748388605,869633098661166,standing pose of a capybara in tall grass; stylized anatomy; dense composition with layered habitat detail; thin crisp linework; anime-inspired digital illustration; clean contours and simplified shading; soft diffuse lighting with minimal shadow and subtle shading
0979,791769911984122,666123260810793,front view of a portable radio on a station platform; simplified graphic mechanical forms; minimal composition with a single clear subject; ultra-thin delicate lines; editorial digital illustration; clear contour lines and readable silhouettes; soft diffuse lighting with minimal shadow and subtle shading
0980,922014327233013,786017954097564,dynamic motion pose of a ceramic artist in a plain studio backdrop; looking at the viewer; strongly deformed cute proportions; balanced composition with a few supporting elements; ultra-thin delicate lines; anime-inspired digital illustration; clean contours and simplified shading; soft diffuse lighting with minimal shadow and subtle shading
0981,905106533889279,271096795330502,candid walking pose of a office worker in an alleyway; slightly turning the body; strongly deformed cute proportions; dense composition with layered details; rounded cartoon outlines; storybook digital illustration; clear contour lines and readable silhouettes; flat lighting with very gentle shading
0982,496443539286521,746449517912667,high-angle casual pose of a librarian in a riverside promenade; preparing for work; stylized proportions; dense composition with layered details; ultra-thin delicate lines; comic-influenced digital illustration; clean contours and simplified shading; soft ambient lighting with restrained shading and minimal contrast
0983,593916035693934,901081667138104,standing pose of a koi fish on a rocky shore; strongly deformed cute anatomy; minimal composition with a clear silhouette; bold outer contours with simple inner lines; clean digital illustration; clean contours and simplified shading; even lighting with soft shading and almost no cast shadow
0984,602293897213440,635507281970357,modular stair steps; repeating all-over pattern; precise vector-like structure; dense arrangement with many repeated forms; precise technical contour lines; clean digital illustration; well-separated forms and clean outlines; overcast-like even lighting and subtle shadow
0985,277013862054059,284258505291220,candid walking pose of a ceramic artist in a train platform; slightly turning the body; semi-realistic proportions; minimal composition with wide negative space; precise technical contour lines; anime-inspired digital illustration; clear contour lines and readable silhouettes; flat lighting with very gentle shading
0986,891850155077460,127088048871177,eye-level travel sketch view of a suburban street; thin cloud cover; miniature-like stylization; balanced composition with clear foreground middle ground and background; precise technical contour lines; anime-inspired digital illustration; clean contours and simplified shading; low-contrast lighting with soft shading and minimal shadow
0987,442440647178316,739859547795316,three-quarter perspective view of a rice terrace; light mist; miniature-like stylization; minimal composition with broad open space; medium-weight clean outlines; editorial digital illustration; clear contour lines and readable silhouettes; low-contrast lighting with soft shading and minimal shadow
0988,123054906487880,733964095343998,wide panoramic view of a harbor; gentle spring haze; semi-realistic forms; balanced composition with clear foreground middle ground and background; rounded cartoon outlines; clean digital illustration; clear contour lines and readable silhouettes; overcast-like even lighting and subtle shadow
0989,423737717831934,695433883895555,side profile pose of a penguin beside a pond; semi-realistic anatomy; balanced composition with a few habitat elements; thin crisp linework; clean digital illustration; clear contour lines and readable silhouettes; soft diffuse lighting with minimal shadow and subtle shading
0990,644247222664237,151869399751193,side elevation view of a space rover at a depot; simplified graphic mechanical forms; minimal composition with a single clear subject; precise technical contour lines; anime-inspired digital illustration; readable shapes with crisp edges; even lighting with soft shading and almost no cast shadow
0991,314710170706785,359807715441348,standing pose of a capybara in a quiet room; stylized anatomy; minimal composition with a clear silhouette; thin crisp linework; clean digital illustration; clean contours and simplified shading; soft ambient lighting with restrained shading and minimal contrast
0992,777251051238446,591599507307688,three-quarter tabletop view of ceramic vases on a white tabletop; carefully arranged spread; observational proportions; dense composition with many small details; brush-like digital linework with clean edges; editorial digital illustration; well-separated forms and clean outlines; flat lighting with very gentle shading
0993,259457720987511,361792776162707,candid walking pose of a mountain monk in a riverside promenade; slightly turning the body; semi-realistic proportions; minimal composition with wide negative space; variable-width pen lines; anime-inspired digital illustration; readable shapes with crisp edges; overcast-like even lighting and subtle shadow
0994,549293571536796,710853147650711,running pose of a goat in tall grass; strongly deformed cute anatomy; minimal composition with a clear silhouette; ultra-thin delicate lines; anime-inspired digital illustration; clean contours and simplified shading; soft diffuse lighting with minimal shadow and subtle shading
0995,902955262362468,883548028685117,eye-level close view of hand tools on a kitchen counter; diagonal arrangement across the frame; diagram-like simplification; dense composition with many small details; thin crisp linework; anime-inspired digital illustration; readable shapes with crisp edges; soft ambient lighting with restrained shading and minimal contrast
0996,947828266618421,374677075778101,candid walking pose of a nurse in a riverside promenade; looking away thoughtfully; stylized proportions; minimal composition with wide negative space; rounded cartoon outlines; anime-inspired digital illustration; clear contour lines and readable silhouettes; low-contrast lighting with soft shading and minimal shadow
0997,965972536623784,806263748590966,sleeping pose of a rabbit on a snowy field; strongly deformed cute anatomy; balanced composition with a few habitat elements; ultra-thin delicate lines; clean digital illustration; clear contour lines and readable silhouettes; soft ambient lighting with restrained shading and minimal contrast
0998,392743570342064,777353673106479,full-body standing pose at eye level of a field scientist in a tidy bedroom; looking at the viewer; strongly deformed cute proportions; minimal composition with wide negative space; variable-width pen lines; clean digital illustration; clean contours and simplified shading; overcast-like even lighting and subtle shadow
0999,633208835924031,415901449375200,straight-on shelf view of hand tools on a concrete floor; exploded-view arrangement; simplified graphic forms; dense composition with many small details; variable-width pen lines; anime-inspired digital illustration; clean contours and simplified shading; flat lighting with very gentle shading
1000,582769125784663,255959229876465,straight-on shelf view of travel souvenirs on a white tabletop; exploded-view arrangement; simplified graphic forms; dense composition with many small details; variable-width pen lines; anime-inspired digital illustration; readable shapes with crisp edges; low-contrast lighting with soft shading and minimal shadow
1001,921191543368910,734186494644654,running pose of a red fox in a meadow; semi-realistic anatomy; balanced composition with a few habitat elements; ultra-thin delicate lines; clean digital illustration; clear contour lines and readable silhouettes; soft diffuse lighting with minimal shadow and subtle shading
1002,227815808686208,899251388139330,running pose of a crane in tall grass; semi-realistic anatomy; minimal composition with a clear silhouette; thin crisp linework; anime-inspired digital illustration; clean contours and simplified shading; soft ambient lighting with restrained shading and minimal contrast
1003,284258827588349,394905468417309,running pose of a house cat on a rocky shore; stylized anatomy; minimal composition with a clear silhouette; rounded cartoon outlines; anime-inspired digital illustration; readable shapes with crisp edges; low-contrast lighting with soft shading and minimal shadow
1004,230058074777217,812829300099832,sleeping pose of a giraffe in a quiet room; semi-realistic anatomy; minimal composition with a clear silhouette; medium-weight clean outlines; anime-inspired digital illustration; clear contour lines and readable silhouettes; even lighting with soft shading and almost no cast shadow
1005,788248983130534,368506765673479,long shot with deep background of a seaside cliff; thin cloud cover; semi-realistic forms; balanced composition with clear foreground middle ground and background; bold outer contours with simple inner lines; storybook digital illustration; clear contour lines and readable silhouettes; overcast-like even lighting and subtle shadow
1006,222970239448347,215390572414323,three-quarter perspective view of a tea plantation; gentle spring haze; miniature-like stylization; balanced composition with clear foreground middle ground and background; brush-like digital linework with clean edges; editorial digital illustration; clean contours and simplified shading; soft diffuse lighting with minimal shadow and subtle shading
1007,273220603784713,860192971640503,waist-up portrait of a detective in a library aisle; mid-action with a small gesture; stylized proportions; balanced composition with a few supporting elements; bold outer contours with simple inner lines; storybook digital illustration; readable shapes with crisp edges; overcast-like even lighting and subtle shadow
1008,536145317292528,177375718043698,fractal branches; asymmetrical offset layout; precise vector-like structure; balanced arrangement with moderate repetition; thin crisp linework; storybook digital illustration; well-separated forms and clean outlines; low-contrast lighting with soft shading and minimal shadow
1009,605272807010462,405219103244625,top-down view of a desk fan on a bookstore counter; single centered arrangement; observational proportions; minimal composition with ample breathing room; bold outer contours with simple inner lines; storybook digital illustration; clean contours and simplified shading; low-contrast lighting with soft shading and minimal shadow
1010,108546771575963,927730242648622,eye-level travel sketch view of a bamboo grove; gentle spring haze; simplified graphic forms; balanced composition with clear foreground middle ground and background; brush-like digital linework with clean edges; editorial digital illustration; clear contour lines and readable silhouettes; overcast-like even lighting and subtle shadow
1011,170270643973422,688085604649702,topographic contour lines; radial composition; soft hand-drawn geometry; dense arrangement with many repeated forms; rounded cartoon outlines; editorial digital illustration; clean contours and simplified shading; soft ambient lighting with restrained shading and minimal contrast
1012,270948459107700,426915695854436,eye-level close view of guitar pedals on a white tabletop; exploded-view arrangement; diagram-like simplification; balanced composition with a few supporting items; brush-like digital linework with clean edges; anime-inspired digital illustration; well-separated forms and clean outlines; overcast-like even lighting and subtle shadow
1013,308040146869173,130631964521990,isometric blocks; vertical poster composition; precise vector-like structure; sparse arrangement with generous negative space; bold outer contours with simple inner lines; storybook digital illustration; readable shapes with crisp edges; flat lighting with very gentle shading
1014,602312567105480,729670356796476,sleeping pose of a tortoise on a rocky shore; stylized anatomy; dense composition with layered habitat detail; ultra-thin delicate lines; storybook digital illustration; clear contour lines and readable silhouettes; soft ambient lighting with restrained shading and minimal contrast
1015,262129200156545,255024708077505,radial petals; diagonal sweeping composition; diagrammatic construction; dense arrangement with many repeated forms; rounded cartoon outlines; editorial digital illustration; clear contour lines and readable silhouettes; even lighting with soft shading and almost no cast shadow
1016,447303082948306,249164722363668,top-down view of paint tubes on a workshop bench; overlapping cluster; observational proportions; minimal composition with ample breathing room; bold outer contours with simple inner lines; storybook digital illustration; well-separated forms and clean outlines; soft diffuse lighting with minimal shadow and subtle shading
1017,805774664895223,779005962623058,eye-level travel sketch view of a rice terrace; gentle spring haze; simplified graphic forms; balanced composition with clear foreground middle ground and background; brush-like digital linework with clean edges; editorial digital illustration; well-separated forms and clean outlines; even lighting with soft shading and almost no cast shadow
1018,952477437061817,680100006767315,checker wave; radial composition; playful modular abstraction; sparse arrangement with generous negative space; medium-weight clean outlines; clean digital illustration; clear contour lines and readable silhouettes; soft diffuse lighting with minimal shadow and subtle shading
